Time,adv_flag,def_tx_pwr,mac,rssi,name,scan_tx_pwr,conn_tx_pwr,tx_range,adv_tx_pwr
18:58:22,26.0,3,6a5a825437b9cfaa722eaf3c917c6db0ad272624e8d9d89182d283379c058edd,-73,,3,64,12.0,3
18:58:23,26.0,3,6a5a825437b9cfaa722eaf3c917c6db0ad272624e8d9d89182d283379c058edd,-62,,3,64,12.0,3
18:58:24,26.0,3,7ad45dff516d17e5f90851d89bf0e8e060de8f581c0e164ef5ddfd25e72cef1b,-64,,3,64,,3
18:58:24,26.0,3,36dd0e9f5cdb8f759893e179457f6cb628ab3b5c5f2970e9229f0be6e7bf53fc,-80,,3,64,,3
18:58:25,26.0,3,36dd0e9f5cdb8f759893e179457f6cb628ab3b5c5f2970e9229f0be6e7bf53fc,-82,,3,64,,3
18:58:26,26.0,3,7ad45dff516d17e5f90851d89bf0e8e060de8f581c0e164ef5ddfd25e72cef1b,-71,,3,64,,3
18:58:27,26.0,3,7ad45dff516d17e5f90851d89bf0e8e060de8f581c0e164ef5ddfd25e72cef1b,-68,,3,64,,3
18:58:28,26.0,3,1712ca840c345e9b7d93d35b7e1889923ad806b8a4342e5f0602630356a449f6,-91,,3,64,12.0,3
18:58:28,26.0,3,4ff5892740b32cd94e67c047cade576440f4f55c712c4a86316079b285b520ca,-95,,3,64,8.0,3
18:58:29,26.0,3,6db0637dbed9d114131c6588aebc811003d7f91141f49e8f3e23613c93f2b41c,-85,,3,64,,3
18:58:30,26.0,3,6db0637dbed9d114131c6588aebc811003d7f91141f49e8f3e23613c93f2b41c,-82,,3,64,,3
18:58:31,26.0,3,1712ca840c345e9b7d93d35b7e1889923ad806b8a4342e5f0602630356a449f6,-88,,3,64,12.0,3
18:58:32,26.0,3,7ad45dff516d17e5f90851d89bf0e8e060de8f581c0e164ef5ddfd25e72cef1b,-65,,3,64,,3
18:58:32,26.0,3,90cb876c9fcfa02fbc37fb9c78391818c477c82de697b11bd31cc601f8cc76ec,-73,,3,64,,3
18:58:33,26.0,3,7ad45dff516d17e5f90851d89bf0e8e060de8f581c0e164ef5ddfd25e72cef1b,-71,,3,64,,3
18:58:34,26.0,3,7ad45dff516d17e5f90851d89bf0e8e060de8f581c0e164ef5ddfd25e72cef1b,-69,,3,64,,3
18:58:35,26.0,3,6db0637dbed9d114131c6588aebc811003d7f91141f49e8f3e23613c93f2b41c,-81,,3,64,,3
18:58:36,6.0,3,e4907de9f751bbf0bf35990be200d1eea3aa795b76defc6a98b69b33055376ff,-88,,3,64,,3
18:58:36,2.0,3,cfd5382f77828417f2255386efb0630b22b665846ea6bb936e7c719950e9e10c,-86,,3,64,,3
18:58:37,26.0,3,6db0637dbed9d114131c6588aebc811003d7f91141f49e8f3e23613c93f2b41c,-87,,3,64,,3
18:58:38,24.0,3,4f2fff1846dbdd0b4b45c65bcbc985ae7ccfebd078061d97c2ac0e4521c10197,-85,Pb20,3,64,-10.0,3
18:58:39,26.0,3,4f38bc075c552b401575ec5abae969cc7af018c2b444dec99f3f12cfc5f8040e,-80,,3,64,8.0,3
18:58:40,,3,be827ec895b911d677adaab7f07130ce5a4d185e088e652f06c59927b47bddb0,-58,,3,64,,3
18:58:40,26.0,3,4f38bc075c552b401575ec5abae969cc7af018c2b444dec99f3f12cfc5f8040e,-76,,3,64,8.0,3
18:58:41,26.0,3,6a5a825437b9cfaa722eaf3c917c6db0ad272624e8d9d89182d283379c058edd,-63,,3,64,12.0,3
18:58:42,26.0,3,6a5a825437b9cfaa722eaf3c917c6db0ad272624e8d9d89182d283379c058edd,-66,,3,64,12.0,3
18:58:43,24.0,3,4f2fff1846dbdd0b4b45c65bcbc985ae7ccfebd078061d97c2ac0e4521c10197,-87,Pb20,3,64,-10.0,3
18:58:44,26.0,3,54dcb008a9f402b2015970e0924c88c9fc70685e15f71bb4243cfc0986e27734,-87,,3,64,8.0,3
18:58:45,26.0,3,94da4cc58555cd41a9b646fca16faf59813c9014e839deff963864889f8f118f,-53,,3,64,12.0,3
18:58:45,26.0,3,1712ca840c345e9b7d93d35b7e1889923ad806b8a4342e5f0602630356a449f6,-83,,3,64,12.0,3
18:58:46,,3,ea08a888ad31b9403945867fa6ef8d3460a96d3a4b6212617611737463449c7c,-64,,3,64,,3
18:58:47,26.0,3,6db0637dbed9d114131c6588aebc811003d7f91141f49e8f3e23613c93f2b41c,-86,,3,64,,3
18:58:48,26.0,3,6db0637dbed9d114131c6588aebc811003d7f91141f49e8f3e23613c93f2b41c,-83,,3,64,,3
18:58:49,26.0,3,5d789a7db98d5e6bb8533c147d4bbedf69f1a119b9eb6137af2996cb0c68ac2f,-75,,3,64,8.0,3
18:58:49,,3,a2096764940d6c340f6c6e26ef22b4139dd57a1f5901606908845d1f265b3f51,-88,,3,64,,3
18:58:50,26.0,3,6a5a825437b9cfaa722eaf3c917c6db0ad272624e8d9d89182d283379c058edd,-67,,3,64,12.0,3
18:58:51,2.0,3,cfd5382f77828417f2255386efb0630b22b665846ea6bb936e7c719950e9e10c,-84,,3,64,,3
18:58:52,26.0,3,5d789a7db98d5e6bb8533c147d4bbedf69f1a119b9eb6137af2996cb0c68ac2f,-72,,3,64,8.0,3
18:58:53,,3,e453ae2f4045d44626fc9e05642cc6bb020a8f477552897ea4cf1d8588ef4325,-92,,3,64,,3
18:58:53,26.0,3,5d789a7db98d5e6bb8533c147d4bbedf69f1a119b9eb6137af2996cb0c68ac2f,-70,,3,64,8.0,3
18:58:54,26.0,3,1549a7369d3fe8df61a4b6cf77f26015b3a45305f7ef5a99b8cebb4e254a046b,-90,,3,64,8.0,3
18:58:55,26.0,3,0f5ce65ba08285f0e68c6513a99f1ba9b562843e834cccdcc803ea48ae70725a,-87,,3,64,12.0,3
18:58:56,26.0,3,6db0637dbed9d114131c6588aebc811003d7f91141f49e8f3e23613c93f2b41c,-86,,3,64,,3
18:58:57,,3,e453ae2f4045d44626fc9e05642cc6bb020a8f477552897ea4cf1d8588ef4325,-70,,3,64,,3
18:58:57,26.0,3,94da4cc58555cd41a9b646fca16faf59813c9014e839deff963864889f8f118f,-51,,3,64,12.0,3
18:58:58,26.0,3,4ff5892740b32cd94e67c047cade576440f4f55c712c4a86316079b285b520ca,-87,,3,64,8.0,3
18:58:59,2.0,3,cfd5382f77828417f2255386efb0630b22b665846ea6bb936e7c719950e9e10c,-83,,3,64,,3
18:59:00,26.0,3,4f38bc075c552b401575ec5abae969cc7af018c2b444dec99f3f12cfc5f8040e,-73,,3,64,8.0,3
18:59:01,26.0,3,54dcb008a9f402b2015970e0924c88c9fc70685e15f71bb4243cfc0986e27734,-80,,3,64,8.0,3
18:59:01,,3,a2096764940d6c340f6c6e26ef22b4139dd57a1f5901606908845d1f265b3f51,-86,,3,64,,3
18:59:02,26.0,3,5d789a7db98d5e6bb8533c147d4bbedf69f1a119b9eb6137af2996cb0c68ac2f,-80,,3,64,8.0,3
18:59:03,26.0,3,6a5a825437b9cfaa722eaf3c917c6db0ad272624e8d9d89182d283379c058edd,-77,,3,64,12.0,3
18:59:04,26.0,3,6a5a825437b9cfaa722eaf3c917c6db0ad272624e8d9d89182d283379c058edd,-79,,3,64,12.0,3
18:59:05,,3,e453ae2f4045d44626fc9e05642cc6bb020a8f477552897ea4cf1d8588ef4325,-89,,3,64,,3
18:59:05,26.0,3,94da4cc58555cd41a9b646fca16faf59813c9014e839deff963864889f8f118f,-58,,3,64,12.0,3
18:59:06,26.0,3,6db0637dbed9d114131c6588aebc811003d7f91141f49e8f3e23613c93f2b41c,-89,,3,64,,3
18:59:07,26.0,3,1712ca840c345e9b7d93d35b7e1889923ad806b8a4342e5f0602630356a449f6,-92,,3,64,12.0,3
18:59:08,26.0,3,7867206943309309222e0838f03b135e2f7f6c6441f622592718247bf8dc5bab,-89,,3,64,,3
18:59:09,26.0,3,7867206943309309222e0838f03b135e2f7f6c6441f622592718247bf8dc5bab,-93,,3,64,,3
18:59:09,26.0,3,90cb876c9fcfa02fbc37fb9c78391818c477c82de697b11bd31cc601f8cc76ec,-90,,3,64,12.0,3
18:59:10,,3,9dd7a0d5121978f63cd8c6906cf442cae3b36c02a93544707857a45a30a99c45,-57,,3,64,,3
18:59:11,26.0,3,94da4cc58555cd41a9b646fca16faf59813c9014e839deff963864889f8f118f,-56,,3,64,12.0,3
18:59:12,6.0,3,d93e690334fd0fe17b051d91ed06db6cf153c4b037e6774585bd54d1e0a4385f,-89,,3,64,,3
18:59:13,,3,a80a0102b31eadfcc680b04bfd3c0e5ca4b82c68f57e912ee39abe81d9993df3,-88,,3,64,,3
18:59:13,,3,a9e756d3c4b093ab661c75621f6805f8aa53224a151ff541afbeae506b96faaa,-87,,3,64,,3
18:59:14,,3,9dd7a0d5121978f63cd8c6906cf442cae3b36c02a93544707857a45a30a99c45,-56,,3,64,,3
18:59:15,26.0,3,94da4cc58555cd41a9b646fca16faf59813c9014e839deff963864889f8f118f,-55,,3,64,12.0,3
18:59:16,26.0,3,94da4cc58555cd41a9b646fca16faf59813c9014e839deff963864889f8f118f,-55,,3,64,12.0,3
18:59:17,26.0,3,4f0a3fa2df12c909291ec5ac692aec37132b754aaba9c701dd880227a80171f4,-86,,3,64,12.0,3
18:59:17,26.0,3,94da4cc58555cd41a9b646fca16faf59813c9014e839deff963864889f8f118f,-67,,3,64,12.0,3
18:59:18,26.0,3,5d789a7db98d5e6bb8533c147d4bbedf69f1a119b9eb6137af2996cb0c68ac2f,-91,,3,64,8.0,3
18:59:19,,3,622825e175703c7795fe3c29ed78a6f9d1724faf606e6039aea76e9e058fa9e0,-95,,3,64,,3
18:59:20,26.0,3,94da4cc58555cd41a9b646fca16faf59813c9014e839deff963864889f8f118f,-57,,3,64,12.0,3
18:59:21,2.0,3,2c70b37827ddcf5838b9b85aa31bfa4b8741c18501af10391c7f44b8b21f2ffa,-88,Pb21,3,64,,3
18:59:21,26.0,3,94da4cc58555cd41a9b646fca16faf59813c9014e839deff963864889f8f118f,-50,,3,64,12.0,3
18:59:22,2.0,3,2c70b37827ddcf5838b9b85aa31bfa4b8741c18501af10391c7f44b8b21f2ffa,-88,Pb21,3,64,,3
18:59:23,26.0,3,94da4cc58555cd41a9b646fca16faf59813c9014e839deff963864889f8f118f,-61,,3,64,12.0,3
18:59:24,26.0,3,10ae8222cf06cd631af294721900e1302106b5f366dcf82f81e191e4bfb80a4d,-88,,3,64,,3
18:59:25,26.0,3,94da4cc58555cd41a9b646fca16faf59813c9014e839deff963864889f8f118f,-56,,3,64,12.0,3
18:59:26,26.0,3,10ae8222cf06cd631af294721900e1302106b5f366dcf82f81e191e4bfb80a4d,-85,,3,64,,3
18:59:26,,3,a80a0102b31eadfcc680b04bfd3c0e5ca4b82c68f57e912ee39abe81d9993df3,-93,,3,64,,3
18:59:27,26.0,3,6a5a825437b9cfaa722eaf3c917c6db0ad272624e8d9d89182d283379c058edd,-88,,3,64,12.0,3
18:59:28,26.0,3,10ae8222cf06cd631af294721900e1302106b5f366dcf82f81e191e4bfb80a4d,-83,,3,64,,3
18:59:29,,3,be827ec895b911d677adaab7f07130ce5a4d185e088e652f06c59927b47bddb0,-87,,3,64,,3
18:59:30,6.0,3,d93e690334fd0fe17b051d91ed06db6cf153c4b037e6774585bd54d1e0a4385f,-78,,3,64,,3
18:59:30,26.0,3,6a5a825437b9cfaa722eaf3c917c6db0ad272624e8d9d89182d283379c058edd,-86,,3,64,12.0,3
18:59:31,,3,9dd7a0d5121978f63cd8c6906cf442cae3b36c02a93544707857a45a30a99c45,-49,,3,64,,3
18:59:32,,3,ea08a888ad31b9403945867fa6ef8d3460a96d3a4b6212617611737463449c7c,-84,,3,64,,3
18:59:33,26.0,3,4f0a3fa2df12c909291ec5ac692aec37132b754aaba9c701dd880227a80171f4,-80,,3,64,12.0,3
18:59:34,26.0,3,4f0a3fa2df12c909291ec5ac692aec37132b754aaba9c701dd880227a80171f4,-84,,3,64,12.0,3
18:59:34,26.0,3,4f38bc075c552b401575ec5abae969cc7af018c2b444dec99f3f12cfc5f8040e,-98,,3,64,8.0,3
18:59:35,,3,9dd7a0d5121978f63cd8c6906cf442cae3b36c02a93544707857a45a30a99c45,-55,,3,64,,3
18:59:36,26.0,3,4f0a3fa2df12c909291ec5ac692aec37132b754aaba9c701dd880227a80171f4,-81,,3,64,12.0,3
18:59:37,26.0,3,4f0a3fa2df12c909291ec5ac692aec37132b754aaba9c701dd880227a80171f4,-76,,3,64,12.0,3
18:59:38,26.0,3,94da4cc58555cd41a9b646fca16faf59813c9014e839deff963864889f8f118f,-50,,3,64,12.0,3
18:59:38,26.0,3,32a1360fa722e8ae23bbf6106828cfd2437d95629a37379e42fa2aa83b9b42bb,-92,,3,64,12.0,3
18:59:39,6.0,3,d93e690334fd0fe17b051d91ed06db6cf153c4b037e6774585bd54d1e0a4385f,-85,,3,64,,3
18:59:40,,3,7426bb42325ceeb778c7ebbc6e0f1f2ac7ec6bf9603fab03f432572eb3838e23,-93,,3,64,,3
18:59:41,,3,5593b19b62818a713aa6f401903ebc9cd85eb02d9b6ba6a140ef6c91f4bbc990,-82,,3,64,,3
18:59:42,6.0,3,d93e690334fd0fe17b051d91ed06db6cf153c4b037e6774585bd54d1e0a4385f,-73,,3,64,,3
18:59:42,6.0,3,d93e690334fd0fe17b051d91ed06db6cf153c4b037e6774585bd54d1e0a4385f,-73,,3,64,,3
18:59:43,26.0,3,bf0784ce9edda2aaa44a24d2ea2aa52a222973019cadb8b6481e96ff99eb514d,-92,,3,64,12.0,3
18:59:44,26.0,3,4f0a3fa2df12c909291ec5ac692aec37132b754aaba9c701dd880227a80171f4,-78,,3,64,12.0,3
18:59:45,26.0,3,6db0637dbed9d114131c6588aebc811003d7f91141f49e8f3e23613c93f2b41c,-93,,3,64,,3
18:59:46,26.0,3,822df24c7aa93bcac9189e2610437effd6b13e2fc35c07a2b2dac2507142730b,-89,,3,64,12.0,3
18:59:46,2.0,3,6fde156577ac13be0db17b637b64e7658cdd76f432e5624510b3a9fc86b57dc8,-89,,3,64,,3
18:59:47,26.0,3,94da4cc58555cd41a9b646fca16faf59813c9014e839deff963864889f8f118f,-53,,3,64,12.0,3
18:59:48,26.0,3,94da4cc58555cd41a9b646fca16faf59813c9014e839deff963864889f8f118f,-55,,3,64,12.0,3
18:59:49,,3,5593b19b62818a713aa6f401903ebc9cd85eb02d9b6ba6a140ef6c91f4bbc990,-91,,3,64,,3
18:59:50,2.0,3,6fde156577ac13be0db17b637b64e7658cdd76f432e5624510b3a9fc86b57dc8,-82,,3,64,,3
18:59:50,2.0,3,6fde156577ac13be0db17b637b64e7658cdd76f432e5624510b3a9fc86b57dc8,-86,,3,64,,3
18:59:51,26.0,3,4f0a3fa2df12c909291ec5ac692aec37132b754aaba9c701dd880227a80171f4,-79,,3,64,12.0,3
18:59:52,26.0,3,4f0a3fa2df12c909291ec5ac692aec37132b754aaba9c701dd880227a80171f4,-77,,3,64,12.0,3
18:59:53,26.0,3,6db0637dbed9d114131c6588aebc811003d7f91141f49e8f3e23613c93f2b41c,-90,,3,64,,3
18:59:54,26.0,3,94da4cc58555cd41a9b646fca16faf59813c9014e839deff963864889f8f118f,-71,,3,64,12.0,3
18:59:54,2.0,3,6fde156577ac13be0db17b637b64e7658cdd76f432e5624510b3a9fc86b57dc8,-84,,3,64,,3
18:59:55,2.0,3,6fde156577ac13be0db17b637b64e7658cdd76f432e5624510b3a9fc86b57dc8,-80,,3,64,,3
18:59:56,2.0,3,6fde156577ac13be0db17b637b64e7658cdd76f432e5624510b3a9fc86b57dc8,-87,,3,64,,3
18:59:57,26.0,3,822df24c7aa93bcac9189e2610437effd6b13e2fc35c07a2b2dac2507142730b,-93,,3,64,12.0,3
18:59:58,6.0,3,12062c7030c554270bb6267c99664c8a710fef4d2fb86318867dd9d06ad616d2,-95,Pb22,3,64,,3
18:59:58,26.0,3,5d789a7db98d5e6bb8533c147d4bbedf69f1a119b9eb6137af2996cb0c68ac2f,-91,,3,64,8.0,3
18:59:59,24.0,3,4f2fff1846dbdd0b4b45c65bcbc985ae7ccfebd078061d97c2ac0e4521c10197,-90,Pb20,3,64,-10.0,3
19:00:00,,3,ab39574218f3c501fc00df79a447af0f290281d58ae1d6e4ed1c0a027dab9b6a,-95,,3,64,,3
19:00:01,26.0,3,4f0a3fa2df12c909291ec5ac692aec37132b754aaba9c701dd880227a80171f4,-78,,3,64,12.0,3
19:00:02,26.0,3,6a5a825437b9cfaa722eaf3c917c6db0ad272624e8d9d89182d283379c058edd,-86,,3,64,12.0,3
19:00:03,6.0,3,d93e690334fd0fe17b051d91ed06db6cf153c4b037e6774585bd54d1e0a4385f,-76,,3,64,,3
19:00:03,6.0,3,d93e690334fd0fe17b051d91ed06db6cf153c4b037e6774585bd54d1e0a4385f,-83,,3,64,,3
19:00:04,26.0,3,5d789a7db98d5e6bb8533c147d4bbedf69f1a119b9eb6137af2996cb0c68ac2f,-90,,3,64,8.0,3
19:00:05,6.0,3,cb9312b2c249f4a73d7ab0ad81c18bd1b2580808c99c328f57957480adba770f,-87,Pb23,3,64,,3
19:00:06,6.0,3,cb9312b2c249f4a73d7ab0ad81c18bd1b2580808c99c328f57957480adba770f,-87,Pb23,3,64,,3
19:00:07,26.0,3,26cfb0127bad0de233c2337ef48d194df4ec7df7d1d19da30fcfe0ddd997acb5,-93,,3,64,,3
19:00:07,6.0,3,12062c7030c554270bb6267c99664c8a710fef4d2fb86318867dd9d06ad616d2,-89,Pb22,3,64,,3
19:00:08,6.0,3,12062c7030c554270bb6267c99664c8a710fef4d2fb86318867dd9d06ad616d2,-86,Pb22,3,64,,3
19:00:09,6.0,3,12062c7030c554270bb6267c99664c8a710fef4d2fb86318867dd9d06ad616d2,-90,Pb22,3,64,,3
19:00:10,2.0,3,6fde156577ac13be0db17b637b64e7658cdd76f432e5624510b3a9fc86b57dc8,-86,,3,64,,3
19:00:11,6.0,3,d93e690334fd0fe17b051d91ed06db6cf153c4b037e6774585bd54d1e0a4385f,-87,,3,64,,3
19:00:11,26.0,3,4f0a3fa2df12c909291ec5ac692aec37132b754aaba9c701dd880227a80171f4,-91,,3,64,12.0,3
19:00:12,6.0,3,d93e690334fd0fe17b051d91ed06db6cf153c4b037e6774585bd54d1e0a4385f,-95,,3,64,,3
19:00:13,2.0,3,6fde156577ac13be0db17b637b64e7658cdd76f432e5624510b3a9fc86b57dc8,-84,,3,64,,3
19:00:14,2.0,3,6fde156577ac13be0db17b637b64e7658cdd76f432e5624510b3a9fc86b57dc8,-85,,3,64,,3
19:00:15,6.0,3,a847c748c2ac2d20a437e6547379f8339a302e17bb5eca7de030da45c9ad1368,-87,Pb24,3,64,,3
19:00:15,6.0,3,d93e690334fd0fe17b051d91ed06db6cf153c4b037e6774585bd54d1e0a4385f,-83,,3,64,,3
19:00:16,6.0,3,d93e690334fd0fe17b051d91ed06db6cf153c4b037e6774585bd54d1e0a4385f,-86,,3,64,,3
19:00:17,6.0,3,d93e690334fd0fe17b051d91ed06db6cf153c4b037e6774585bd54d1e0a4385f,-86,,3,64,,3
19:00:18,26.0,3,0d1c1f5117b4b185f96ec7c73cd19c4c058d8b7e45fb7a823462937f08aad198,-89,,3,64,12.0,3
19:00:19,26.0,3,94da4cc58555cd41a9b646fca16faf59813c9014e839deff963864889f8f118f,-63,,3,64,12.0,3
19:00:19,6.0,3,d93e690334fd0fe17b051d91ed06db6cf153c4b037e6774585bd54d1e0a4385f,-84,,3,64,,3
19:00:20,6.0,3,a847c748c2ac2d20a437e6547379f8339a302e17bb5eca7de030da45c9ad1368,-89,Pb24,3,64,,3
19:00:21,26.0,3,0d1c1f5117b4b185f96ec7c73cd19c4c058d8b7e45fb7a823462937f08aad198,-88,,3,64,12.0,3
19:00:22,6.0,3,69e31f38ad7506715d7b428fc1d6053e97013cdeb85d14dfa3c58930b15c8f59,-81,Pb25,3,64,,3
19:00:23,6.0,3,d93e690334fd0fe17b051d91ed06db6cf153c4b037e6774585bd54d1e0a4385f,-81,,3,64,,3
19:00:23,,3,be5556a21b86bc0f73aaf16da8b659a03bbeb3bc41d28320c5db616b17604817,-88,,3,64,,3
19:00:24,26.0,3,94da4cc58555cd41a9b646fca16faf59813c9014e839deff963864889f8f118f,-78,,3,64,12.0,3
19:00:25,6.0,3,cb9312b2c249f4a73d7ab0ad81c18bd1b2580808c99c328f57957480adba770f,-94,Pb23,3,64,,3
19:00:26,26.0,3,0d1c1f5117b4b185f96ec7c73cd19c4c058d8b7e45fb7a823462937f08aad198,-89,,3,64,12.0,3
19:00:27,26.0,3,94da4cc58555cd41a9b646fca16faf59813c9014e839deff963864889f8f118f,-54,,3,64,12.0,3
19:00:27,,3,be5556a21b86bc0f73aaf16da8b659a03bbeb3bc41d28320c5db616b17604817,-92,,3,64,,3
19:00:28,26.0,3,94da4cc58555cd41a9b646fca16faf59813c9014e839deff963864889f8f118f,-61,,3,64,12.0,3
19:00:29,6.0,3,69e31f38ad7506715d7b428fc1d6053e97013cdeb85d14dfa3c58930b15c8f59,-92,Pb25,3,64,,3
19:00:30,26.0,3,94da4cc58555cd41a9b646fca16faf59813c9014e839deff963864889f8f118f,-39,,3,64,12.0,3
19:00:31,26.0,3,94da4cc58555cd41a9b646fca16faf59813c9014e839deff963864889f8f118f,-63,,3,64,12.0,3
19:00:31,6.0,3,a847c748c2ac2d20a437e6547379f8339a302e17bb5eca7de030da45c9ad1368,-96,Pb24,3,64,,3
19:00:32,26.0,3,94da4cc58555cd41a9b646fca16faf59813c9014e839deff963864889f8f118f,-58,,3,64,12.0,3
19:00:33,6.0,3,9ec69ed6412d537a1c4b5ea2d12fd2875a262516acc4305b99f3358cd1f5108c,-91,Pb26,3,64,,3
19:00:34,26.0,3,94da4cc58555cd41a9b646fca16faf59813c9014e839deff963864889f8f118f,-61,,3,64,12.0,3
19:00:35,,3,2650c0c53a316ca1b618aa2aea1acb05096b064615943818b63ac7dc16edfa30,-99,,3,64,,3
19:00:35,26.0,3,94da4cc58555cd41a9b646fca16faf59813c9014e839deff963864889f8f118f,-71,,3,64,12.0,3
19:00:36,26.0,3,94da4cc58555cd41a9b646fca16faf59813c9014e839deff963864889f8f118f,-61,,3,64,12.0,3
19:00:37,26.0,3,f9a6e3f72f3b7c12eeecd0c20f32163a375b62aed719e1bda75844a7c038395d,-91,,3,64,8.0,3
19:00:38,6.0,3,9ec69ed6412d537a1c4b5ea2d12fd2875a262516acc4305b99f3358cd1f5108c,-92,Pb26,3,64,,3
19:00:39,6.0,3,a847c748c2ac2d20a437e6547379f8339a302e17bb5eca7de030da45c9ad1368,-91,Pb24,3,64,,3
19:00:40,26.0,3,94da4cc58555cd41a9b646fca16faf59813c9014e839deff963864889f8f118f,-64,,3,64,12.0,3
19:00:40,6.0,3,d93e690334fd0fe17b051d91ed06db6cf153c4b037e6774585bd54d1e0a4385f,-89,,3,64,,3
19:00:41,26.0,3,94da4cc58555cd41a9b646fca16faf59813c9014e839deff963864889f8f118f,-49,,3,64,12.0,3
19:00:42,6.0,3,9ec69ed6412d537a1c4b5ea2d12fd2875a262516acc4305b99f3358cd1f5108c,-82,Pb26,3,64,,3
19:00:43,26.0,3,94da4cc58555cd41a9b646fca16faf59813c9014e839deff963864889f8f118f,-57,,3,64,12.0,3
19:00:44,26.0,3,414ebd209bb008dcdf772789331299d5e3751f156126fc6102e89ce87e161788,-93,,3,64,,3
19:00:44,26.0,3,414ebd209bb008dcdf772789331299d5e3751f156126fc6102e89ce87e161788,-97,,3,64,,3
19:00:45,26.0,3,94da4cc58555cd41a9b646fca16faf59813c9014e839deff963864889f8f118f,-68,,3,64,12.0,3
19:00:46,26.0,3,94da4cc58555cd41a9b646fca16faf59813c9014e839deff963864889f8f118f,-57,,3,64,12.0,3
19:00:47,26.0,3,4f0a3fa2df12c909291ec5ac692aec37132b754aaba9c701dd880227a80171f4,-90,,3,64,12.0,3
19:00:48,26.0,3,94da4cc58555cd41a9b646fca16faf59813c9014e839deff963864889f8f118f,-67,,3,64,12.0,3
19:00:48,26.0,3,94da4cc58555cd41a9b646fca16faf59813c9014e839deff963864889f8f118f,-68,,3,64,12.0,3
19:00:49,26.0,3,94da4cc58555cd41a9b646fca16faf59813c9014e839deff963864889f8f118f,-63,,3,64,12.0,3
19:00:50,6.0,3,130d59223f56719bfe609a547e73236c2571880d97f55f1c8cd9b33c31490e9b,-94,,3,64,,3
19:00:51,26.0,3,94da4cc58555cd41a9b646fca16faf59813c9014e839deff963864889f8f118f,-61,,3,64,12.0,3
19:00:52,6.0,3,307ea7d9692e87241aa269f1c0a6d8b2ba7589f1420ab6445590f234e40c9c7e,-92,,3,64,,3
19:00:52,26.0,3,94da4cc58555cd41a9b646fca16faf59813c9014e839deff963864889f8f118f,-38,,3,64,12.0,3
19:00:53,6.0,3,8f7eee4fa8310acf6fc47eba9b080db143e4fa4323a99d70dcc2e6fd836ed3dd,-82,,3,64,,3
19:00:54,6.0,3,8f7eee4fa8310acf6fc47eba9b080db143e4fa4323a99d70dcc2e6fd836ed3dd,-95,,3,64,,3
19:00:55,6.0,3,307ea7d9692e87241aa269f1c0a6d8b2ba7589f1420ab6445590f234e40c9c7e,-86,,3,64,,3
19:00:56,6.0,3,8f7eee4fa8310acf6fc47eba9b080db143e4fa4323a99d70dcc2e6fd836ed3dd,-96,,3,64,,3
19:00:56,26.0,3,6b48a50af1a19b15a66ec2eed92bab6c339f929dd53b77e6127e0800374c82be,-93,,3,64,7.0,3
19:00:57,26.0,3,94da4cc58555cd41a9b646fca16faf59813c9014e839deff963864889f8f118f,-49,,3,64,12.0,3
19:00:58,26.0,3,94da4cc58555cd41a9b646fca16faf59813c9014e839deff963864889f8f118f,-57,,3,64,12.0,3
19:00:59,26.0,3,94da4cc58555cd41a9b646fca16faf59813c9014e839deff963864889f8f118f,-64,,3,64,12.0,3
19:01:00,26.0,3,641fae905bced8ab092d3d92a27add2c8fe9bc50bbdd5fbb354b98630de6589b,-91,,3,64,12.0,3
19:01:00,26.0,3,94da4cc58555cd41a9b646fca16faf59813c9014e839deff963864889f8f118f,-61,,3,64,12.0,3
19:01:01,26.0,3,94da4cc58555cd41a9b646fca16faf59813c9014e839deff963864889f8f118f,-67,,3,64,12.0,3
19:01:02,26.0,3,94da4cc58555cd41a9b646fca16faf59813c9014e839deff963864889f8f118f,-52,,3,64,12.0,3
19:01:03,26.0,3,94da4cc58555cd41a9b646fca16faf59813c9014e839deff963864889f8f118f,-67,,3,64,12.0,3
19:01:04,26.0,3,94da4cc58555cd41a9b646fca16faf59813c9014e839deff963864889f8f118f,-58,,3,64,12.0,3
19:01:04,,3,2650c0c53a316ca1b618aa2aea1acb05096b064615943818b63ac7dc16edfa30,-90,,3,64,,3
19:01:05,26.0,3,94da4cc58555cd41a9b646fca16faf59813c9014e839deff963864889f8f118f,-55,,3,64,12.0,3
19:01:06,26.0,3,94da4cc58555cd41a9b646fca16faf59813c9014e839deff963864889f8f118f,-49,,3,64,12.0,3
19:01:07,26.0,3,94da4cc58555cd41a9b646fca16faf59813c9014e839deff963864889f8f118f,-65,,3,64,12.0,3
19:01:08,,3,9da497ee5ac65f9f2b94bffb0c9f5d06a34ddc071c0dcd296096ffc2f802e1d4,-62,,3,64,,3
19:01:08,26.0,3,94da4cc58555cd41a9b646fca16faf59813c9014e839deff963864889f8f118f,-55,,3,64,12.0,3
19:01:09,,3,ef8cbee1828168ccb13cb978868a952b0e1bb63c288b93fcd8e7e65ac352b6d3,-91,,3,64,,3
19:01:10,,3,ef8cbee1828168ccb13cb978868a952b0e1bb63c288b93fcd8e7e65ac352b6d3,-92,,3,64,,3
19:01:11,26.0,3,641fae905bced8ab092d3d92a27add2c8fe9bc50bbdd5fbb354b98630de6589b,-90,,3,64,12.0,3
19:01:12,26.0,3,2bfecd4d2e38650dcf0ef7c882761681c31291fbff1690a804660eac493efc7d,-89,,3,64,8.0,3
19:01:12,26.0,3,94da4cc58555cd41a9b646fca16faf59813c9014e839deff963864889f8f118f,-77,,3,64,12.0,3
19:01:13,26.0,3,414ebd209bb008dcdf772789331299d5e3751f156126fc6102e89ce87e161788,-94,,3,64,,3
19:01:14,,3,ef8cbee1828168ccb13cb978868a952b0e1bb63c288b93fcd8e7e65ac352b6d3,-90,,3,64,,3
19:01:15,,3,ef8cbee1828168ccb13cb978868a952b0e1bb63c288b93fcd8e7e65ac352b6d3,-92,,3,64,,3
19:01:16,26.0,3,94da4cc58555cd41a9b646fca16faf59813c9014e839deff963864889f8f118f,-79,,3,64,12.0,3
19:01:16,,3,ef8cbee1828168ccb13cb978868a952b0e1bb63c288b93fcd8e7e65ac352b6d3,-91,,3,64,,3
19:01:17,26.0,3,94da4cc58555cd41a9b646fca16faf59813c9014e839deff963864889f8f118f,-55,,3,64,12.0,3
19:01:18,26.0,3,468ddac73d55ac56d6caa9136219108ee8e31e2a1f93b4ef8c728733eec54071,-93,,3,64,,3
19:01:19,,3,6c20984c35451807bebd2a7630ee1eeae25cbee443e4c9a679457a1261da838a,-86,,3,64,,3
19:01:20,,3,ef8cbee1828168ccb13cb978868a952b0e1bb63c288b93fcd8e7e65ac352b6d3,-85,,3,64,,3
19:01:21,,3,ef8cbee1828168ccb13cb978868a952b0e1bb63c288b93fcd8e7e65ac352b6d3,-80,,3,64,,3
19:01:21,26.0,3,94da4cc58555cd41a9b646fca16faf59813c9014e839deff963864889f8f118f,-68,,3,64,12.0,3
19:01:22,26.0,3,636255ac70bb32d3bb3f4c70ebdd887b6bfdee6824b41f14801bc17350e4bbc7,-85,,3,64,12.0,3
19:01:23,,3,af47e2630b2b012a41a7bc61726341773aa12711017aa0b71a8889fbdbdc4edd,-95,,3,64,,3
19:01:24,,3,c674ae8e308ef483fa43a8f64109e092c39f394dfb7610ce23acdca17803d439,-94,,3,64,,3
19:01:25,26.0,3,d1acec6461e202de4da0fce8e292b629960d5fa82151c2bdf8501f772239c557,-89,,3,64,,3
19:01:25,,3,ef8cbee1828168ccb13cb978868a952b0e1bb63c288b93fcd8e7e65ac352b6d3,-92,,3,64,,3
19:01:26,,3,ef8cbee1828168ccb13cb978868a952b0e1bb63c288b93fcd8e7e65ac352b6d3,-86,,3,64,,3
19:01:27,,3,ef8cbee1828168ccb13cb978868a952b0e1bb63c288b93fcd8e7e65ac352b6d3,-86,,3,64,,3
19:01:28,26.0,3,2bfecd4d2e38650dcf0ef7c882761681c31291fbff1690a804660eac493efc7d,-82,,3,64,8.0,3
19:01:29,26.0,3,4cae607b5bd9571f770dc510e667f3b85484a098256978b4c429833a112155f2,-92,,3,64,12.0,3
19:01:29,,3,ef8cbee1828168ccb13cb978868a952b0e1bb63c288b93fcd8e7e65ac352b6d3,-81,,3,64,,3
19:01:30,6.0,3,aeebbb76df8081296864cbe437e68942b818d5564f102e2f15d7151e8ab7291c,-93,Pb27,3,64,,3
19:01:31,26.0,3,e8ddee9f75d4997605f692629061e4147f6d6bcd2c53ad73873d9a24b456da00,-94,,3,64,,3
19:01:32,,3,b2a174a91a9d350b2c2f4e7a992af85315d219e095bef1a8e56e2fc710b4c7f4,-95,,3,64,,3
19:01:33,26.0,3,94da4cc58555cd41a9b646fca16faf59813c9014e839deff963864889f8f118f,-55,,3,64,12.0,3
19:01:33,26.0,3,010b87e1d1a41947d0cf44e6580c5403eaff47e655d334ec75d5753436cad0a2,-77,,3,64,7.0,3
19:01:34,26.0,3,94da4cc58555cd41a9b646fca16faf59813c9014e839deff963864889f8f118f,-49,,3,64,12.0,3
19:01:35,26.0,3,94da4cc58555cd41a9b646fca16faf59813c9014e839deff963864889f8f118f,-48,,3,64,12.0,3
19:01:36,26.0,3,94da4cc58555cd41a9b646fca16faf59813c9014e839deff963864889f8f118f,-53,,3,64,12.0,3
19:01:37,26.0,3,48a2ccd28ebfc13bfc4e2bf86d3de8105dd8c644fb93d6a4ad36ba913075709c,-88,,3,64,8.0,3
19:01:37,,3,ef8cbee1828168ccb13cb978868a952b0e1bb63c288b93fcd8e7e65ac352b6d3,-94,,3,64,,3
19:01:38,,3,ef8cbee1828168ccb13cb978868a952b0e1bb63c288b93fcd8e7e65ac352b6d3,-93,,3,64,,3
19:01:39,,3,ef8cbee1828168ccb13cb978868a952b0e1bb63c288b93fcd8e7e65ac352b6d3,-96,,3,64,,3
19:01:40,,3,2c586bd2731b4f8d6c04ccd5d095978fbf5ace2765dc158a1c687d9dab60c1a4,-82,,3,64,,3
19:01:41,26.0,3,010b87e1d1a41947d0cf44e6580c5403eaff47e655d334ec75d5753436cad0a2,-86,,3,64,7.0,3
19:01:41,,3,ecdd5a2c623e36e0a4edc6826f82660e672b8e588bbfd61895a6771938807efb,-85,,3,64,,3
19:01:42,26.0,3,48a2ccd28ebfc13bfc4e2bf86d3de8105dd8c644fb93d6a4ad36ba913075709c,-81,,3,64,8.0,3
19:01:43,,3,b2a174a91a9d350b2c2f4e7a992af85315d219e095bef1a8e56e2fc710b4c7f4,-95,,3,64,,3
19:01:44,6.0,3,aeebbb76df8081296864cbe437e68942b818d5564f102e2f15d7151e8ab7291c,-94,Pb27,3,64,,3
19:01:45,26.0,3,4f0a3fa2df12c909291ec5ac692aec37132b754aaba9c701dd880227a80171f4,-83,,3,64,12.0,3
19:01:45,,3,a5a659f4fcf6c1fd27809bce8ebfae803c0b39386ec09a49cbb757b10be23c1a,-91,,3,64,,3
19:01:46,,3,a5a659f4fcf6c1fd27809bce8ebfae803c0b39386ec09a49cbb757b10be23c1a,-85,,3,64,,3
19:01:47,6.0,3,aeebbb76df8081296864cbe437e68942b818d5564f102e2f15d7151e8ab7291c,-88,Pb27,3,64,,3
19:01:48,,3,06eedeb33f8b51af7d7b7750333feae3db43e71f476e7cbb1a86a7c1469cbaf2,-95,,3,64,,3
19:01:49,26.0,3,010b87e1d1a41947d0cf44e6580c5403eaff47e655d334ec75d5753436cad0a2,-88,,3,64,7.0,3
19:01:49,6.0,3,e5c81861adb038e52efb94960bf59fdbd2c756ff4c6e4be24429b576f2c4c5ed,-88,Pb28,3,64,,3
19:01:50,,3,a5a659f4fcf6c1fd27809bce8ebfae803c0b39386ec09a49cbb757b10be23c1a,-91,,3,64,,3
19:01:51,6.0,3,c5dbcfd061a1663163ebeecbf6829b717d060d0a3ddd5643942a83b574f76da4,-85,Pb29,3,64,,3
19:01:52,6.0,3,aeebbb76df8081296864cbe437e68942b818d5564f102e2f15d7151e8ab7291c,-90,Pb27,3,64,,3
19:01:53,6.0,3,58f13d3d82e316a271de879bd5611a49cd3f87f18d9732999f316e50561726c4,-92,Pb210,3,64,,3
19:01:53,6.0,3,aeebbb76df8081296864cbe437e68942b818d5564f102e2f15d7151e8ab7291c,-87,Pb27,3,64,,3
19:01:54,6.0,3,c5dbcfd061a1663163ebeecbf6829b717d060d0a3ddd5643942a83b574f76da4,-85,Pb29,3,64,,3
19:01:55,6.0,3,c5dbcfd061a1663163ebeecbf6829b717d060d0a3ddd5643942a83b574f76da4,-84,Pb29,3,64,,3
19:01:56,6.0,3,e5c81861adb038e52efb94960bf59fdbd2c756ff4c6e4be24429b576f2c4c5ed,-85,Pb28,3,64,,3
19:01:57,6.0,3,58f13d3d82e316a271de879bd5611a49cd3f87f18d9732999f316e50561726c4,-90,Pb210,3,64,,3
19:01:58,6.0,3,e5c81861adb038e52efb94960bf59fdbd2c756ff4c6e4be24429b576f2c4c5ed,-86,Pb28,3,64,,3
19:01:58,6.0,3,aeebbb76df8081296864cbe437e68942b818d5564f102e2f15d7151e8ab7291c,-85,Pb27,3,64,,3
19:01:59,26.0,3,815b18da37ae8132db163ed98f8cd444fd726b5177abcb7d7899d0821dab658b,-94,,3,64,8.0,3
19:02:00,,3,07f76feda97ed682b9030db6ce5a4dfb8659f0f6ccf61f0c273a10340af589ef,-91,,3,64,,3
19:02:01,,3,51ef0b725a68e0dd0377e65087a5f9e78f0e5574da14685551947d4ccdfd2b94,-90,,3,64,,3
19:02:02,,3,06eedeb33f8b51af7d7b7750333feae3db43e71f476e7cbb1a86a7c1469cbaf2,-97,,3,64,,3
19:02:03,,3,07f76feda97ed682b9030db6ce5a4dfb8659f0f6ccf61f0c273a10340af589ef,-92,,3,64,,3
19:02:03,26.0,3,23fd6aed199f36aae1df15b7d045e7415d347965f23987cf6d81069c886155e2,-86,,3,64,8.0,3
19:02:04,,3,2690775cfdd4206b12e861708bc6585023747ece16db98f5547a7b6cef9def60,-93,,3,64,,3
19:02:05,26.0,3,1279e28c7e791f11619feba2c07c71603743467be9dffabc7e82b7f9861ba951,-86,,3,64,26.0,3
19:02:06,,3,8025a1c64a3ea2ff7ef8f7a987338a280d03f2bde82fa06485b9a4e0155c4f7f,-88,,3,64,,3
19:02:07,26.0,3,1279e28c7e791f11619feba2c07c71603743467be9dffabc7e82b7f9861ba951,-95,,3,64,26.0,3
19:02:07,,3,8025a1c64a3ea2ff7ef8f7a987338a280d03f2bde82fa06485b9a4e0155c4f7f,-91,,3,64,,3
19:02:08,26.0,3,94da4cc58555cd41a9b646fca16faf59813c9014e839deff963864889f8f118f,-57,,3,64,12.0,3
19:02:09,26.0,3,94da4cc58555cd41a9b646fca16faf59813c9014e839deff963864889f8f118f,-52,,3,64,12.0,3
19:02:10,26.0,3,23fd6aed199f36aae1df15b7d045e7415d347965f23987cf6d81069c886155e2,-85,,3,64,8.0,3
19:02:11,26.0,3,94da4cc58555cd41a9b646fca16faf59813c9014e839deff963864889f8f118f,-71,,3,64,12.0,3
19:02:11,,3,9da497ee5ac65f9f2b94bffb0c9f5d06a34ddc071c0dcd296096ffc2f802e1d4,-51,,3,64,,3
19:02:12,26.0,3,94da4cc58555cd41a9b646fca16faf59813c9014e839deff963864889f8f118f,-50,,3,64,12.0,3
19:02:13,,3,51ef0b725a68e0dd0377e65087a5f9e78f0e5574da14685551947d4ccdfd2b94,-83,,3,64,,3
19:02:14,26.0,3,94da4cc58555cd41a9b646fca16faf59813c9014e839deff963864889f8f118f,-76,,3,64,12.0,3
19:02:15,26.0,3,94da4cc58555cd41a9b646fca16faf59813c9014e839deff963864889f8f118f,-48,,3,64,12.0,3
19:02:15,26.0,3,94da4cc58555cd41a9b646fca16faf59813c9014e839deff963864889f8f118f,-57,,3,64,12.0,3
19:02:16,,3,27de356f6506183505606d603ad121b8edeb0cabb5e7b278c9ee93ae0b401cf6,-88,,3,64,,3
19:02:17,,3,9da497ee5ac65f9f2b94bffb0c9f5d06a34ddc071c0dcd296096ffc2f802e1d4,-72,,3,64,,3
19:02:18,,3,2d275df1654e3a10d32498d08b64f711b3ee701a89845b342f623066b92ecf81,-92,,3,64,,3
19:02:19,,3,afb98c2d013ca82acfd5a8f4120bd0fe969e6fcf514951b0cecfa160dc5294e7,-93,,3,64,,3
19:02:19,,3,9da497ee5ac65f9f2b94bffb0c9f5d06a34ddc071c0dcd296096ffc2f802e1d4,-84,,3,64,,3
19:02:20,,3,7f7228d59d13c7994dd4b54d519efd97e776327196614296435ac92c972e2d91,-87,,3,64,,3
19:02:21,26.0,3,815b18da37ae8132db163ed98f8cd444fd726b5177abcb7d7899d0821dab658b,-89,,3,64,8.0,3
19:02:22,26.0,3,c80cb3ad1a2b758f38a42c2ca4a497437cf46b40adf465620475a591465d9014,-90,,3,64,12.0,3
19:02:23,,3,9da497ee5ac65f9f2b94bffb0c9f5d06a34ddc071c0dcd296096ffc2f802e1d4,-47,,3,64,,3
19:02:23,26.0,3,94da4cc58555cd41a9b646fca16faf59813c9014e839deff963864889f8f118f,-58,,3,64,12.0,3
19:02:24,,3,9da497ee5ac65f9f2b94bffb0c9f5d06a34ddc071c0dcd296096ffc2f802e1d4,-65,,3,64,,3
19:02:25,26.0,3,57e41d5fe5a8434b4c0624cf583e2c884f90e902a9510e6d552359f26acfa221,-89,,3,64,12.0,3
19:02:26,,3,06eedeb33f8b51af7d7b7750333feae3db43e71f476e7cbb1a86a7c1469cbaf2,-89,,3,64,,3
19:02:27,26.0,3,94da4cc58555cd41a9b646fca16faf59813c9014e839deff963864889f8f118f,-53,,3,64,12.0,3
19:02:28,,3,06eedeb33f8b51af7d7b7750333feae3db43e71f476e7cbb1a86a7c1469cbaf2,-93,,3,64,,3
19:02:28,,3,dcb7cd46dfe378ab45740dd12942a073c96553d7b9ddddb506d02d5ff1d23f17,-91,,3,64,,3
19:02:29,,3,06eedeb33f8b51af7d7b7750333feae3db43e71f476e7cbb1a86a7c1469cbaf2,-93,,3,64,,3
19:02:30,26.0,3,94da4cc58555cd41a9b646fca16faf59813c9014e839deff963864889f8f118f,-62,,3,64,12.0,3
19:02:31,,3,dcb7cd46dfe378ab45740dd12942a073c96553d7b9ddddb506d02d5ff1d23f17,-92,,3,64,,3
19:02:32,26.0,3,94da4cc58555cd41a9b646fca16faf59813c9014e839deff963864889f8f118f,-61,,3,64,12.0,3
19:02:32,26.0,3,94da4cc58555cd41a9b646fca16faf59813c9014e839deff963864889f8f118f,-67,,3,64,12.0,3
19:02:33,,3,06eedeb33f8b51af7d7b7750333feae3db43e71f476e7cbb1a86a7c1469cbaf2,-90,,3,64,,3
19:02:34,,3,06eedeb33f8b51af7d7b7750333feae3db43e71f476e7cbb1a86a7c1469cbaf2,-94,,3,64,,3
19:02:35,26.0,3,94da4cc58555cd41a9b646fca16faf59813c9014e839deff963864889f8f118f,-55,,3,64,12.0,3
19:02:36,26.0,3,94da4cc58555cd41a9b646fca16faf59813c9014e839deff963864889f8f118f,-46,,3,64,12.0,3
19:02:36,26.0,3,9c34fa7e685a9353879202150adb8d0d00c870498655caf7497beb0ad957a0bf,-86,,3,64,24.0,3
19:02:37,26.0,3,9fee37f304a068550e9a6a728ad53c7997e3952f0f44c75486fcbb37f48d509d,-90,,3,64,12.0,3
19:02:38,26.0,3,94da4cc58555cd41a9b646fca16faf59813c9014e839deff963864889f8f118f,-55,,3,64,12.0,3
19:02:39,26.0,3,9c34fa7e685a9353879202150adb8d0d00c870498655caf7497beb0ad957a0bf,-77,,3,64,24.0,3
19:02:39,26.0,3,9c34fa7e685a9353879202150adb8d0d00c870498655caf7497beb0ad957a0bf,-75,,3,64,24.0,3
19:02:40,26.0,3,9c34fa7e685a9353879202150adb8d0d00c870498655caf7497beb0ad957a0bf,-76,,3,64,24.0,3
19:02:41,26.0,3,ab1cb345b3bdcd0292fbcb9467ffe0e251ddcfe47ba8a86d13d50e9c302387c1,-90,,3,64,7.0,3
19:02:42,,3,dcb7cd46dfe378ab45740dd12942a073c96553d7b9ddddb506d02d5ff1d23f17,-96,,3,64,,3
19:02:43,26.0,3,ab1cb345b3bdcd0292fbcb9467ffe0e251ddcfe47ba8a86d13d50e9c302387c1,-90,,3,64,7.0,3
19:02:44,,3,dcb7cd46dfe378ab45740dd12942a073c96553d7b9ddddb506d02d5ff1d23f17,-91,,3,64,,3
19:02:44,26.0,3,959b2dedf53a352861bd23624343055c68611cdfad28ff149d45fbe4c4e5dbf6,-94,,3,64,7.0,3
19:02:45,26.0,3,94da4cc58555cd41a9b646fca16faf59813c9014e839deff963864889f8f118f,-39,,3,64,12.0,3
19:02:46,26.0,3,94da4cc58555cd41a9b646fca16faf59813c9014e839deff963864889f8f118f,-62,,3,64,12.0,3
19:02:47,,3,dcb7cd46dfe378ab45740dd12942a073c96553d7b9ddddb506d02d5ff1d23f17,-89,,3,64,,3
19:02:48,,3,9da497ee5ac65f9f2b94bffb0c9f5d06a34ddc071c0dcd296096ffc2f802e1d4,-52,,3,64,,3
19:02:48,26.0,3,b6cef224cab4021066727b1c2fb0b320fb097826a4db50cbe9f793798dcfba50,-92,,3,64,,3
19:02:49,,3,9da497ee5ac65f9f2b94bffb0c9f5d06a34ddc071c0dcd296096ffc2f802e1d4,-64,,3,64,,3
19:02:50,26.0,3,57e41d5fe5a8434b4c0624cf583e2c884f90e902a9510e6d552359f26acfa221,-90,,3,64,12.0,3
19:02:51,26.0,3,94da4cc58555cd41a9b646fca16faf59813c9014e839deff963864889f8f118f,-70,,3,64,12.0,3
19:02:52,26.0,3,94da4cc58555cd41a9b646fca16faf59813c9014e839deff963864889f8f118f,-64,,3,64,12.0,3
19:02:52,26.0,3,94da4cc58555cd41a9b646fca16faf59813c9014e839deff963864889f8f118f,-71,,3,64,12.0,3
19:02:53,26.0,3,839b8543783e4ea3cd4fc785bed3a14a41e758b4af0ed2cf0b51a81b622e2506,-90,,3,64,7.0,3
19:02:54,,3,dcb7cd46dfe378ab45740dd12942a073c96553d7b9ddddb506d02d5ff1d23f17,-96,,3,64,,3
19:02:55,26.0,3,57e41d5fe5a8434b4c0624cf583e2c884f90e902a9510e6d552359f26acfa221,-88,,3,64,12.0,3
19:02:56,26.0,3,94da4cc58555cd41a9b646fca16faf59813c9014e839deff963864889f8f118f,-52,,3,64,12.0,3
19:02:56,,3,9da497ee5ac65f9f2b94bffb0c9f5d06a34ddc071c0dcd296096ffc2f802e1d4,-72,,3,64,,3
19:02:57,26.0,3,94da4cc58555cd41a9b646fca16faf59813c9014e839deff963864889f8f118f,-54,,3,64,12.0,3
19:02:58,26.0,3,94da4cc58555cd41a9b646fca16faf59813c9014e839deff963864889f8f118f,-50,,3,64,12.0,3
19:02:59,,3,dcb7cd46dfe378ab45740dd12942a073c96553d7b9ddddb506d02d5ff1d23f17,-95,,3,64,,3
19:03:00,26.0,3,94da4cc58555cd41a9b646fca16faf59813c9014e839deff963864889f8f118f,-65,,3,64,12.0,3
19:03:00,26.0,3,94da4cc58555cd41a9b646fca16faf59813c9014e839deff963864889f8f118f,-34,,3,64,12.0,3
19:03:01,26.0,3,94da4cc58555cd41a9b646fca16faf59813c9014e839deff963864889f8f118f,-50,,3,64,12.0,3
19:03:02,26.0,3,c0ad76322607d2d7fff2108fe52eda3fd2dfa77ae8393a283ca11e848f150435,-80,,3,64,12.0,3
19:03:03,26.0,3,94da4cc58555cd41a9b646fca16faf59813c9014e839deff963864889f8f118f,-52,,3,64,12.0,3
19:03:04,26.0,3,94da4cc58555cd41a9b646fca16faf59813c9014e839deff963864889f8f118f,-72,,3,64,12.0,3
19:03:05,26.0,3,94da4cc58555cd41a9b646fca16faf59813c9014e839deff963864889f8f118f,-69,,3,64,12.0,3
19:03:05,26.0,3,94da4cc58555cd41a9b646fca16faf59813c9014e839deff963864889f8f118f,-50,,3,64,12.0,3
19:03:06,,3,8f844932565e25daef3908b7f057fb2fc8ab3119bd5f7ef582496066d11d84a7,-88,,3,64,,3
19:03:07,26.0,3,39332c522bd49c5e9e31f52e87380621228582afa6cf153686191b1cb4887b64,-85,,3,64,,3
19:03:08,26.0,3,39332c522bd49c5e9e31f52e87380621228582afa6cf153686191b1cb4887b64,-92,,3,64,,3
19:03:08,,3,6367731d36ff727a6431af9e411d99eee32fafbca5fb22b4ac8fcbf74c213455,-83,,3,64,,3
19:03:09,,3,fce3edb3c1a21103b0377b69e67549ef3e127664dcaa250ee7708bf71d920167,-89,,3,64,,3
19:03:10,,3,16e3c289948529a35cf61378ec266f71cad17210019e04eecc6828b6df4f315e,-91,,3,64,,3
19:03:11,6.0,3,065db5ee3a2f6472e74d3f814108dd83d1136541c0239c22c6eb4f716a3e984b,-88,Pb211,3,64,,3
19:03:12,,3,3b7f8cb273a0035f310d0fea88a1d6d0b1cab9c892681d6d9e2d371cae1c0adf,-92,,3,64,,3
19:03:13,,3,16e3c289948529a35cf61378ec266f71cad17210019e04eecc6828b6df4f315e,-89,,3,64,,3
19:03:13,26.0,3,b694075667b79d5078ff7bfa6437bc0fe7426b05420463f36fcda28d803e6824,-90,,3,64,8.0,3
19:03:14,26.0,3,4df09ec1ffa2f5c7082a2b6eb7ad11ad7cd130263ec505d90e0068a91ae503be,-92,,3,64,26.0,3
19:03:15,,3,16e3c289948529a35cf61378ec266f71cad17210019e04eecc6828b6df4f315e,-90,,3,64,,3
19:03:16,26.0,3,6147787207b19bced1cb14f4d15412e6eca256be3af0d41a2c423214b6a3a076,-92,,3,64,7.0,3
19:03:17,,3,16e3c289948529a35cf61378ec266f71cad17210019e04eecc6828b6df4f315e,-92,,3,64,,3
19:03:17,6.0,3,065db5ee3a2f6472e74d3f814108dd83d1136541c0239c22c6eb4f716a3e984b,-95,Pb211,3,64,,3
19:03:18,2.0,3,27fa3e9c62030c0591084b76dbe2c5c1d2858d87cc616b4bc737561b2a186bdd,-94,Pb212,3,64,,3
19:03:19,26.0,3,d8a8285d6e4b3041fd7f8e1271f20547bfc135ab4a1101c02f8f5e0bf2384aa9,-89,,3,64,7.0,3
19:03:20,,3,9da497ee5ac65f9f2b94bffb0c9f5d06a34ddc071c0dcd296096ffc2f802e1d4,-80,,3,64,,3
19:03:21,,3,820ebd56668a5b486001b725084cb72e1ab39c3151dc7c66e663753f88a73c83,-93,,3,64,,3
19:03:21,26.0,3,d8a8285d6e4b3041fd7f8e1271f20547bfc135ab4a1101c02f8f5e0bf2384aa9,-98,,3,64,7.0,3
19:03:22,,3,820ebd56668a5b486001b725084cb72e1ab39c3151dc7c66e663753f88a73c83,-92,,3,64,,3
19:03:23,,3,9da497ee5ac65f9f2b94bffb0c9f5d06a34ddc071c0dcd296096ffc2f802e1d4,-34,,3,64,,3
19:03:24,,3,9da497ee5ac65f9f2b94bffb0c9f5d06a34ddc071c0dcd296096ffc2f802e1d4,-60,,3,64,,3
19:03:25,2.0,3,27fa3e9c62030c0591084b76dbe2c5c1d2858d87cc616b4bc737561b2a186bdd,-91,Pb212,3,64,,3
19:03:25,26.0,3,befc87ebdd56431f91109709c799cf11cc48b9ec3b6a2b2e723d53707e79da6e,-87,,3,64,7.0,3
19:03:26,,3,9da497ee5ac65f9f2b94bffb0c9f5d06a34ddc071c0dcd296096ffc2f802e1d4,-71,,3,64,,3
19:03:27,,3,44dfdbff7436f6537760d41f6cc7b73a590ce750f251592c64d794d8fb0b12ef,-95,,3,64,,3
19:03:28,26.0,3,6147787207b19bced1cb14f4d15412e6eca256be3af0d41a2c423214b6a3a076,-93,,3,64,7.0,3
19:03:29,2.0,3,27fa3e9c62030c0591084b76dbe2c5c1d2858d87cc616b4bc737561b2a186bdd,-85,Pb212,3,64,,3
19:03:29,,3,9da497ee5ac65f9f2b94bffb0c9f5d06a34ddc071c0dcd296096ffc2f802e1d4,-61,,3,64,,3
19:03:30,26.0,3,b694075667b79d5078ff7bfa6437bc0fe7426b05420463f36fcda28d803e6824,-80,,3,64,8.0,3
19:03:31,26.0,3,b694075667b79d5078ff7bfa6437bc0fe7426b05420463f36fcda28d803e6824,-82,,3,64,8.0,3
19:03:32,2.0,3,27fa3e9c62030c0591084b76dbe2c5c1d2858d87cc616b4bc737561b2a186bdd,-85,Pb212,3,64,,3
19:03:33,26.0,3,4df09ec1ffa2f5c7082a2b6eb7ad11ad7cd130263ec505d90e0068a91ae503be,-94,,3,64,26.0,3
19:03:33,26.0,3,4df09ec1ffa2f5c7082a2b6eb7ad11ad7cd130263ec505d90e0068a91ae503be,-96,,3,64,26.0,3
19:03:34,26.0,3,6147787207b19bced1cb14f4d15412e6eca256be3af0d41a2c423214b6a3a076,-88,,3,64,7.0,3
19:03:35,,3,5c8ade443d6b8a137a4f5f5893fe0e23edd256a8dcca9cc8a3ef07ddb7b94d51,-87,,3,64,,3
19:03:36,26.0,3,49de5553b3317888b38994f2f02e476f45decfa983227659399e0e4101161e36,-87,,3,64,,3
19:03:37,26.0,3,49de5553b3317888b38994f2f02e476f45decfa983227659399e0e4101161e36,-95,,3,64,,3
19:03:37,26.0,3,49de5553b3317888b38994f2f02e476f45decfa983227659399e0e4101161e36,-88,,3,64,,3
19:03:38,26.0,3,49de5553b3317888b38994f2f02e476f45decfa983227659399e0e4101161e36,-92,,3,64,,3
19:03:39,26.0,3,49de5553b3317888b38994f2f02e476f45decfa983227659399e0e4101161e36,-87,,3,64,,3
19:03:40,26.0,3,49de5553b3317888b38994f2f02e476f45decfa983227659399e0e4101161e36,-94,,3,64,,3
19:03:41,26.0,3,9227ee01b9502f2602d68f711c22848bf222e6e4f1117d6104ee440946fa0ef8,-88,,3,64,7.0,3
19:03:41,,3,2a0831e60ad3ccf33a527135d83122ddd92b6caa72dea6cc2955611a196549f8,-91,,3,64,,3
19:03:42,26.0,3,6147787207b19bced1cb14f4d15412e6eca256be3af0d41a2c423214b6a3a076,-88,,3,64,7.0,3
19:03:43,26.0,3,49de5553b3317888b38994f2f02e476f45decfa983227659399e0e4101161e36,-92,,3,64,,3
19:03:44,26.0,3,ac3c95041619946865e8dab2dce9ae71be4835b559ae6cb1ba6d54e7b5662f23,-82,,3,64,8.0,3
19:03:45,,3,6bc26fa0bcddb11203132d49955ba0dc6f282673d6e46bf2647a4f217a0724f2,-81,,3,64,,3
19:03:46,26.0,3,49de5553b3317888b38994f2f02e476f45decfa983227659399e0e4101161e36,-89,,3,64,,3
19:03:46,26.0,3,49de5553b3317888b38994f2f02e476f45decfa983227659399e0e4101161e36,-89,,3,64,,3
19:03:47,26.0,3,49de5553b3317888b38994f2f02e476f45decfa983227659399e0e4101161e36,-79,,3,64,,3
19:03:48,26.0,3,4894039c7987d9af64d8d51af6b3a4ea9b665c2d3ca187d0f8af9110ed3eca2f,-85,,3,64,7.0,3
19:03:49,26.0,3,d39bc08f9da19c7b829a3ddc64e6d035395a6c3e6db1ca7fa2fcd060c3e4c75c,-86,,3,64,8.0,3
19:03:49,26.0,3,49de5553b3317888b38994f2f02e476f45decfa983227659399e0e4101161e36,-80,,3,64,,3
19:03:50,26.0,3,63ff673852c3a24a9769f5d2759c413d5bdb32567648b053d991efb8a7796265,-93,,3,64,,3
19:03:51,26.0,3,49de5553b3317888b38994f2f02e476f45decfa983227659399e0e4101161e36,-85,,3,64,,3
19:03:52,26.0,3,49de5553b3317888b38994f2f02e476f45decfa983227659399e0e4101161e36,-78,,3,64,,3
19:03:53,26.0,3,49de5553b3317888b38994f2f02e476f45decfa983227659399e0e4101161e36,-87,,3,64,,3
19:03:54,,3,5c8ade443d6b8a137a4f5f5893fe0e23edd256a8dcca9cc8a3ef07ddb7b94d51,-88,,3,64,,3
19:03:54,26.0,3,197e808dae30dd97c6c5528746ce1d21c4213ab3c525d43fe172fd3e1c5e49ac,-94,,3,64,,3
19:03:55,26.0,3,63ff673852c3a24a9769f5d2759c413d5bdb32567648b053d991efb8a7796265,-86,,3,64,,3
19:03:56,26.0,3,63ff673852c3a24a9769f5d2759c413d5bdb32567648b053d991efb8a7796265,-88,,3,64,,3
19:03:57,26.0,3,d2a97f32036f0d6a7d8ad14f20454c6ad06db7efd9240ca966e297e6694119f5,-85,,3,64,7.0,3
19:03:58,26.0,3,197e808dae30dd97c6c5528746ce1d21c4213ab3c525d43fe172fd3e1c5e49ac,-91,,3,64,,3
19:03:58,26.0,3,197e808dae30dd97c6c5528746ce1d21c4213ab3c525d43fe172fd3e1c5e49ac,-96,,3,64,,3
19:03:59,26.0,3,e9422b9c69f048d86b2f08abd1c215d85b93209b8ff6b61aeb56674302fafc2e,-95,,3,64,8.0,3
19:04:00,26.0,3,63ff673852c3a24a9769f5d2759c413d5bdb32567648b053d991efb8a7796265,-90,,3,64,,3
19:04:01,26.0,3,197e808dae30dd97c6c5528746ce1d21c4213ab3c525d43fe172fd3e1c5e49ac,-89,,3,64,,3
19:04:02,26.0,3,4df09ec1ffa2f5c7082a2b6eb7ad11ad7cd130263ec505d90e0068a91ae503be,-86,,3,64,26.0,3
19:04:02,26.0,3,4df09ec1ffa2f5c7082a2b6eb7ad11ad7cd130263ec505d90e0068a91ae503be,-92,,3,64,26.0,3
19:04:03,26.0,3,197e808dae30dd97c6c5528746ce1d21c4213ab3c525d43fe172fd3e1c5e49ac,-90,,3,64,,3
19:04:04,26.0,3,63ff673852c3a24a9769f5d2759c413d5bdb32567648b053d991efb8a7796265,-89,,3,64,,3
19:04:05,26.0,3,63ff673852c3a24a9769f5d2759c413d5bdb32567648b053d991efb8a7796265,-91,,3,64,,3
19:04:06,26.0,3,197e808dae30dd97c6c5528746ce1d21c4213ab3c525d43fe172fd3e1c5e49ac,-87,,3,64,,3
19:04:06,26.0,3,bb012e84ded2c356734958ee3ef008a39a5fb8dca7ba7fbc92e43671a95138ac,-84,,3,64,8.0,3
19:04:07,26.0,3,94da4cc58555cd41a9b646fca16faf59813c9014e839deff963864889f8f118f,-36,,3,64,12.0,3
19:04:08,26.0,3,49de5553b3317888b38994f2f02e476f45decfa983227659399e0e4101161e36,-91,,3,64,,3
19:04:09,26.0,3,94da4cc58555cd41a9b646fca16faf59813c9014e839deff963864889f8f118f,-33,,3,64,12.0,3
19:04:10,26.0,3,63ff673852c3a24a9769f5d2759c413d5bdb32567648b053d991efb8a7796265,-91,,3,64,,3
19:04:10,26.0,3,197e808dae30dd97c6c5528746ce1d21c4213ab3c525d43fe172fd3e1c5e49ac,-94,,3,64,,3
19:04:11,,3,9da497ee5ac65f9f2b94bffb0c9f5d06a34ddc071c0dcd296096ffc2f802e1d4,-57,,3,64,,3
19:04:12,26.0,3,49de5553b3317888b38994f2f02e476f45decfa983227659399e0e4101161e36,-88,,3,64,,3
19:04:13,26.0,3,befc87ebdd56431f91109709c799cf11cc48b9ec3b6a2b2e723d53707e79da6e,-89,,3,64,7.0,3
19:04:14,26.0,3,94da4cc58555cd41a9b646fca16faf59813c9014e839deff963864889f8f118f,-58,,3,64,12.0,3
19:04:14,26.0,3,ad721b03eb1142565212f9002541f3d78dd3b1f9543e6f70219c29b270303ca0,-61,,3,64,,3
19:04:15,26.0,3,197e808dae30dd97c6c5528746ce1d21c4213ab3c525d43fe172fd3e1c5e49ac,-87,,3,64,,3
19:04:16,26.0,3,e6295bd37dc216219020bbab02600ec298c8605dde832034bcf53bd032ba39b7,-83,,3,64,12.0,3
19:04:17,26.0,3,94da4cc58555cd41a9b646fca16faf59813c9014e839deff963864889f8f118f,-50,,3,64,12.0,3
19:04:18,26.0,3,5dfad198220fafa8be8660d6037955639e6a3c8ee49aee40a35c4396f18f2528,-75,,3,64,12.0,3
19:04:18,26.0,3,5dfad198220fafa8be8660d6037955639e6a3c8ee49aee40a35c4396f18f2528,-74,,3,64,12.0,3
19:04:19,26.0,3,197e808dae30dd97c6c5528746ce1d21c4213ab3c525d43fe172fd3e1c5e49ac,-92,,3,64,,3
19:04:20,26.0,3,49de5553b3317888b38994f2f02e476f45decfa983227659399e0e4101161e36,-92,,3,64,,3
19:04:21,26.0,3,63ff673852c3a24a9769f5d2759c413d5bdb32567648b053d991efb8a7796265,-90,,3,64,,3
19:04:22,26.0,3,197e808dae30dd97c6c5528746ce1d21c4213ab3c525d43fe172fd3e1c5e49ac,-89,,3,64,,3
19:04:22,26.0,3,534f6ec2abfd6e4db8f200adee5810540654d9261d8fdb0c366b2cc958036391,-85,,3,64,,3
19:04:23,26.0,3,0c5abc2bf63d8affaf04c61c02ce7e425bec5e98f9a85497f56a2b16a599f241,-92,,3,64,,3
19:04:24,,3,a02caa72152a2602e0a64feb01e28b202a0ac0779298df9e12549b89247fcfbe,-92,,3,64,,3
19:04:25,26.0,3,0c5abc2bf63d8affaf04c61c02ce7e425bec5e98f9a85497f56a2b16a599f241,-90,,3,64,,3
19:04:26,26.0,3,bb012e84ded2c356734958ee3ef008a39a5fb8dca7ba7fbc92e43671a95138ac,-91,,3,64,8.0,3
19:04:26,26.0,3,0c5abc2bf63d8affaf04c61c02ce7e425bec5e98f9a85497f56a2b16a599f241,-89,,3,64,,3
19:04:27,26.0,3,0c5abc2bf63d8affaf04c61c02ce7e425bec5e98f9a85497f56a2b16a599f241,-93,,3,64,,3
19:04:28,,3,9d281c7c77e6ca0bc1c5a73b94e935f64a66aced0fb75c52fd5bc3e7507f6daa,-94,,3,64,,3
19:04:29,,3,9da497ee5ac65f9f2b94bffb0c9f5d06a34ddc071c0dcd296096ffc2f802e1d4,-81,,3,64,,3
19:04:30,6.0,3,601875622aea6194d4b10a8380e81f4db7df0b34ef6b6031d44eb76f525ee221,-89,,3,64,,3
19:04:30,,3,a02caa72152a2602e0a64feb01e28b202a0ac0779298df9e12549b89247fcfbe,-94,,3,64,,3
19:04:31,26.0,3,bcb0db12f37de411ec359a30d03ca117a954ddfe39eb2022dd726a9425b23d1b,-86,,3,64,8.0,3
19:04:32,,3,3b7f8cb273a0035f310d0fea88a1d6d0b1cab9c892681d6d9e2d371cae1c0adf,-81,,3,64,,3
19:04:33,,3,a02caa72152a2602e0a64feb01e28b202a0ac0779298df9e12549b89247fcfbe,-93,,3,64,,3
19:04:34,26.0,3,bcb0db12f37de411ec359a30d03ca117a954ddfe39eb2022dd726a9425b23d1b,-90,,3,64,8.0,3
19:04:34,,3,9da497ee5ac65f9f2b94bffb0c9f5d06a34ddc071c0dcd296096ffc2f802e1d4,-79,,3,64,,3
19:04:35,,3,2ea683e7ebe3b73b2d9a9e0df4d7168c9679c68f8b8f739a53d5d7c48be274e3,-89,,3,64,,3
19:04:36,,3,d28032a6aead4a7e7eff8dc56e45eec8a5651b6935dc0dd7a689d5c3adc4a86a,-90,,3,64,,3
19:04:37,,3,c6cf07f9b51db3b71a78e85bffdd1c4a022ebba16c5310ffbbf664566309a8ea,-94,,3,64,,3
19:04:38,26.0,3,bcb0db12f37de411ec359a30d03ca117a954ddfe39eb2022dd726a9425b23d1b,-90,,3,64,8.0,3
19:04:39,26.0,3,94da4cc58555cd41a9b646fca16faf59813c9014e839deff963864889f8f118f,-56,,3,64,12.0,3
19:04:39,,3,9da497ee5ac65f9f2b94bffb0c9f5d06a34ddc071c0dcd296096ffc2f802e1d4,-55,,3,64,,3
19:04:40,26.0,3,ad721b03eb1142565212f9002541f3d78dd3b1f9543e6f70219c29b270303ca0,-54,,3,64,,3
19:04:41,26.0,3,94da4cc58555cd41a9b646fca16faf59813c9014e839deff963864889f8f118f,-63,,3,64,12.0,3
19:04:42,26.0,3,94da4cc58555cd41a9b646fca16faf59813c9014e839deff963864889f8f118f,-58,,3,64,12.0,3
19:04:43,26.0,3,f773d8e33ce176fe9b25318959476e57d497004ae00a26511369cd462b214e39,-93,,3,64,,3
19:04:43,,3,44dfdbff7436f6537760d41f6cc7b73a590ce750f251592c64d794d8fb0b12ef,-95,,3,64,,3
19:04:44,26.0,3,94da4cc58555cd41a9b646fca16faf59813c9014e839deff963864889f8f118f,-52,,3,64,12.0,3
19:04:45,26.0,3,f773d8e33ce176fe9b25318959476e57d497004ae00a26511369cd462b214e39,-89,,3,64,,3
19:04:46,26.0,3,94da4cc58555cd41a9b646fca16faf59813c9014e839deff963864889f8f118f,-51,,3,64,12.0,3
19:04:47,26.0,3,f773d8e33ce176fe9b25318959476e57d497004ae00a26511369cd462b214e39,-94,,3,64,,3
19:04:47,26.0,3,94da4cc58555cd41a9b646fca16faf59813c9014e839deff963864889f8f118f,-54,,3,64,12.0,3
19:04:48,26.0,3,94da4cc58555cd41a9b646fca16faf59813c9014e839deff963864889f8f118f,-49,,3,64,12.0,3
19:04:49,26.0,3,94da4cc58555cd41a9b646fca16faf59813c9014e839deff963864889f8f118f,-62,,3,64,12.0,3
19:04:50,26.0,3,94da4cc58555cd41a9b646fca16faf59813c9014e839deff963864889f8f118f,-59,,3,64,12.0,3
19:04:51,,3,9da497ee5ac65f9f2b94bffb0c9f5d06a34ddc071c0dcd296096ffc2f802e1d4,-72,,3,64,,3
19:04:51,26.0,3,94da4cc58555cd41a9b646fca16faf59813c9014e839deff963864889f8f118f,-61,,3,64,12.0,3
19:04:52,,3,3b7f8cb273a0035f310d0fea88a1d6d0b1cab9c892681d6d9e2d371cae1c0adf,-95,,3,64,,3
19:04:53,26.0,3,dd1177332c61b3a09fcbaa05dcf021c1b0ecad32488dffd6c6abd42b8a7b1690,-83,,3,64,7.0,3
19:04:54,,3,c6cf07f9b51db3b71a78e85bffdd1c4a022ebba16c5310ffbbf664566309a8ea,-88,,3,64,,3
19:04:55,26.0,3,9997b1b48b4462e5ce4048604a9bc803d93ac483223dfd06caf2efa25df28cb9,-89,,3,64,8.0,3
19:04:55,26.0,3,dd1177332c61b3a09fcbaa05dcf021c1b0ecad32488dffd6c6abd42b8a7b1690,-79,,3,64,7.0,3
19:04:56,26.0,3,088653461374c630066bfa6dd34697e8fde9b4136028835f24872fd0293a68f6,-83,,3,64,6.0,3
19:04:57,26.0,3,065d26f6bbf47e4e90da4aa9f109b3d64a4101683b4245aebff3ab52adce532a,-88,,3,64,26.0,3
19:04:58,,3,2aafb7234085ed7d591f583a34094833a20f193ce9f4ac3c179dcfa6a0aa0132,-92,,3,64,,3
19:04:59,,3,9da497ee5ac65f9f2b94bffb0c9f5d06a34ddc071c0dcd296096ffc2f802e1d4,-48,,3,64,,3
19:04:59,26.0,3,065d26f6bbf47e4e90da4aa9f109b3d64a4101683b4245aebff3ab52adce532a,-88,,3,64,26.0,3
19:05:00,,3,17cea24af263d1ec99580c572dd479a28eddc9f92950cd6954a5f4e8f09ed498,-89,,3,64,,3
19:05:01,,3,9da497ee5ac65f9f2b94bffb0c9f5d06a34ddc071c0dcd296096ffc2f802e1d4,-53,,3,64,,3
19:05:02,26.0,3,065d26f6bbf47e4e90da4aa9f109b3d64a4101683b4245aebff3ab52adce532a,-94,,3,64,26.0,3
19:05:03,26.0,3,7e29c3e05aa5a170f15395055ce484024f43d1729aa33195ce5c7feac7f6894a,-91,,3,64,12.0,3
19:05:03,,3,3b7f8cb273a0035f310d0fea88a1d6d0b1cab9c892681d6d9e2d371cae1c0adf,-87,,3,64,,3
19:05:04,,3,81b65c3ae3355908ceee9e416fb0e895d1b330e2a89e4023440f0aa75c30e5e7,-91,,3,64,,3
19:05:05,,3,3b7f8cb273a0035f310d0fea88a1d6d0b1cab9c892681d6d9e2d371cae1c0adf,-75,,3,64,,3
19:05:06,,3,81b65c3ae3355908ceee9e416fb0e895d1b330e2a89e4023440f0aa75c30e5e7,-93,,3,64,,3
19:05:07,,3,9da497ee5ac65f9f2b94bffb0c9f5d06a34ddc071c0dcd296096ffc2f802e1d4,-54,,3,64,,3
19:05:07,26.0,3,7e29c3e05aa5a170f15395055ce484024f43d1729aa33195ce5c7feac7f6894a,-89,,3,64,12.0,3
19:05:08,,3,3b7f8cb273a0035f310d0fea88a1d6d0b1cab9c892681d6d9e2d371cae1c0adf,-73,,3,64,,3
19:05:09,26.0,3,7e29c3e05aa5a170f15395055ce484024f43d1729aa33195ce5c7feac7f6894a,-84,,3,64,12.0,3
19:05:10,,3,3b7f8cb273a0035f310d0fea88a1d6d0b1cab9c892681d6d9e2d371cae1c0adf,-75,,3,64,,3
19:05:11,,3,9da497ee5ac65f9f2b94bffb0c9f5d06a34ddc071c0dcd296096ffc2f802e1d4,-61,,3,64,,3
19:05:11,,3,44dfdbff7436f6537760d41f6cc7b73a590ce750f251592c64d794d8fb0b12ef,-91,,3,64,,3
19:05:12,,3,44dfdbff7436f6537760d41f6cc7b73a590ce750f251592c64d794d8fb0b12ef,-91,,3,64,,3
19:05:13,26.0,3,2315f783e448691742ec0094fd30bc695466005cabad44a59f3a6ea6561f7458,-91,,3,64,7.0,3
19:05:14,26.0,3,94da4cc58555cd41a9b646fca16faf59813c9014e839deff963864889f8f118f,-61,,3,64,12.0,3
19:05:15,,3,9da497ee5ac65f9f2b94bffb0c9f5d06a34ddc071c0dcd296096ffc2f802e1d4,-56,,3,64,,3
19:05:16,26.0,3,7e29c3e05aa5a170f15395055ce484024f43d1729aa33195ce5c7feac7f6894a,-83,,3,64,12.0,3
19:05:16,,3,81b65c3ae3355908ceee9e416fb0e895d1b330e2a89e4023440f0aa75c30e5e7,-79,,3,64,,3
19:05:17,26.0,3,94da4cc58555cd41a9b646fca16faf59813c9014e839deff963864889f8f118f,-57,,3,64,12.0,3
19:05:18,26.0,3,2315f783e448691742ec0094fd30bc695466005cabad44a59f3a6ea6561f7458,-85,,3,64,7.0,3
19:05:19,26.0,3,2315f783e448691742ec0094fd30bc695466005cabad44a59f3a6ea6561f7458,-76,,3,64,7.0,3
19:05:19,26.0,3,94da4cc58555cd41a9b646fca16faf59813c9014e839deff963864889f8f118f,-62,,3,64,12.0,3
19:05:20,,3,3b7f8cb273a0035f310d0fea88a1d6d0b1cab9c892681d6d9e2d371cae1c0adf,-89,,3,64,,3
19:05:21,26.0,3,2315f783e448691742ec0094fd30bc695466005cabad44a59f3a6ea6561f7458,-71,,3,64,7.0,3
19:05:22,,3,44dfdbff7436f6537760d41f6cc7b73a590ce750f251592c64d794d8fb0b12ef,-90,,3,64,,3
19:05:23,,3,44dfdbff7436f6537760d41f6cc7b73a590ce750f251592c64d794d8fb0b12ef,-94,,3,64,,3
19:05:24,26.0,3,94da4cc58555cd41a9b646fca16faf59813c9014e839deff963864889f8f118f,-63,,3,64,12.0,3
19:05:24,,3,3b7f8cb273a0035f310d0fea88a1d6d0b1cab9c892681d6d9e2d371cae1c0adf,-84,,3,64,,3
19:05:25,26.0,3,94da4cc58555cd41a9b646fca16faf59813c9014e839deff963864889f8f118f,-54,,3,64,12.0,3
19:05:26,26.0,3,94da4cc58555cd41a9b646fca16faf59813c9014e839deff963864889f8f118f,-68,,3,64,12.0,3
19:05:27,26.0,3,94da4cc58555cd41a9b646fca16faf59813c9014e839deff963864889f8f118f,-30,,3,64,12.0,3
19:05:28,26.0,3,94da4cc58555cd41a9b646fca16faf59813c9014e839deff963864889f8f118f,-61,,3,64,12.0,3
19:05:28,,3,776fc5bdd4b9bf3a4547c1f483fc74175731c4204e673d9560c0cb4472924167,-93,,3,64,,3
19:05:29,26.0,3,94da4cc58555cd41a9b646fca16faf59813c9014e839deff963864889f8f118f,-38,,3,64,12.0,3
19:05:30,,3,44dfdbff7436f6537760d41f6cc7b73a590ce750f251592c64d794d8fb0b12ef,-87,,3,64,,3
19:05:31,,3,44dfdbff7436f6537760d41f6cc7b73a590ce750f251592c64d794d8fb0b12ef,-88,,3,64,,3
19:05:32,,3,44dfdbff7436f6537760d41f6cc7b73a590ce750f251592c64d794d8fb0b12ef,-88,,3,64,,3
19:05:32,26.0,3,c993533cee2925470e6ec8410ddf07dfdf02e79555e671c36b5e3dfe24e872b1,-90,,3,64,,3
19:05:33,,3,34f4f31c0b0737a9c0b93afa31f1c1d2540a15793342ab82b231adc89d031f1c,-87,,3,64,,3
19:05:34,,3,44dfdbff7436f6537760d41f6cc7b73a590ce750f251592c64d794d8fb0b12ef,-90,,3,64,,3
19:05:35,,3,44dfdbff7436f6537760d41f6cc7b73a590ce750f251592c64d794d8fb0b12ef,-91,,3,64,,3
19:05:36,26.0,3,94da4cc58555cd41a9b646fca16faf59813c9014e839deff963864889f8f118f,-55,,3,64,12.0,3
19:05:36,,3,44dfdbff7436f6537760d41f6cc7b73a590ce750f251592c64d794d8fb0b12ef,-91,,3,64,,3
19:05:37,26.0,3,94da4cc58555cd41a9b646fca16faf59813c9014e839deff963864889f8f118f,-67,,3,64,12.0,3
19:05:38,26.0,3,94da4cc58555cd41a9b646fca16faf59813c9014e839deff963864889f8f118f,-54,,3,64,12.0,3
19:05:39,26.0,3,a9bcd7db7d91feccb17d6cbc5e335f4dff5622f410a76e425bfe4f225594c7c9,-91,,3,64,7.0,3
19:05:40,26.0,3,b338ddcd762cb2424eda86d54507dfcbca7162e31e9de7b2a0d3dadbcb1180d0,-83,,3,64,7.0,3
19:05:40,26.0,3,b338ddcd762cb2424eda86d54507dfcbca7162e31e9de7b2a0d3dadbcb1180d0,-84,,3,64,7.0,3
19:05:41,26.0,3,b338ddcd762cb2424eda86d54507dfcbca7162e31e9de7b2a0d3dadbcb1180d0,-78,,3,64,7.0,3
19:05:42,26.0,3,b338ddcd762cb2424eda86d54507dfcbca7162e31e9de7b2a0d3dadbcb1180d0,-82,,3,64,7.0,3
19:05:43,26.0,3,b338ddcd762cb2424eda86d54507dfcbca7162e31e9de7b2a0d3dadbcb1180d0,-79,,3,64,7.0,3
19:05:44,,3,8aa32f58660d60e9a17a646fa245254c7883275d87b6c2d52e7db241b5363685,-77,,3,64,,3
19:05:44,26.0,3,b338ddcd762cb2424eda86d54507dfcbca7162e31e9de7b2a0d3dadbcb1180d0,-76,,3,64,7.0,3
19:05:45,,3,8aa32f58660d60e9a17a646fa245254c7883275d87b6c2d52e7db241b5363685,-74,,3,64,,3
19:05:46,26.0,3,b338ddcd762cb2424eda86d54507dfcbca7162e31e9de7b2a0d3dadbcb1180d0,-76,,3,64,7.0,3
19:05:47,26.0,3,b338ddcd762cb2424eda86d54507dfcbca7162e31e9de7b2a0d3dadbcb1180d0,-81,,3,64,7.0,3
19:05:48,,3,8aa32f58660d60e9a17a646fa245254c7883275d87b6c2d52e7db241b5363685,-71,,3,64,,3
19:05:48,26.0,3,b338ddcd762cb2424eda86d54507dfcbca7162e31e9de7b2a0d3dadbcb1180d0,-69,,3,64,7.0,3
19:05:49,26.0,3,b338ddcd762cb2424eda86d54507dfcbca7162e31e9de7b2a0d3dadbcb1180d0,-82,,3,64,7.0,3
19:05:50,26.0,3,b338ddcd762cb2424eda86d54507dfcbca7162e31e9de7b2a0d3dadbcb1180d0,-81,,3,64,7.0,3
19:05:51,26.0,3,b338ddcd762cb2424eda86d54507dfcbca7162e31e9de7b2a0d3dadbcb1180d0,-73,,3,64,7.0,3
19:05:52,26.0,3,b338ddcd762cb2424eda86d54507dfcbca7162e31e9de7b2a0d3dadbcb1180d0,-72,,3,64,7.0,3
19:05:52,26.0,3,b338ddcd762cb2424eda86d54507dfcbca7162e31e9de7b2a0d3dadbcb1180d0,-80,,3,64,7.0,3
19:05:53,26.0,3,b338ddcd762cb2424eda86d54507dfcbca7162e31e9de7b2a0d3dadbcb1180d0,-71,,3,64,7.0,3
19:05:54,26.0,3,b338ddcd762cb2424eda86d54507dfcbca7162e31e9de7b2a0d3dadbcb1180d0,-65,,3,64,7.0,3
19:05:55,26.0,3,b338ddcd762cb2424eda86d54507dfcbca7162e31e9de7b2a0d3dadbcb1180d0,-73,,3,64,7.0,3
19:05:56,26.0,3,b338ddcd762cb2424eda86d54507dfcbca7162e31e9de7b2a0d3dadbcb1180d0,-75,,3,64,7.0,3
19:05:56,26.0,3,94da4cc58555cd41a9b646fca16faf59813c9014e839deff963864889f8f118f,-61,,3,64,12.0,3
19:05:57,26.0,3,94da4cc58555cd41a9b646fca16faf59813c9014e839deff963864889f8f118f,-62,,3,64,12.0,3
19:05:58,26.0,3,b338ddcd762cb2424eda86d54507dfcbca7162e31e9de7b2a0d3dadbcb1180d0,-69,,3,64,7.0,3
19:05:59,26.0,3,b338ddcd762cb2424eda86d54507dfcbca7162e31e9de7b2a0d3dadbcb1180d0,-65,,3,64,7.0,3
19:06:00,26.0,3,94da4cc58555cd41a9b646fca16faf59813c9014e839deff963864889f8f118f,-51,,3,64,12.0,3
19:06:00,26.0,3,94da4cc58555cd41a9b646fca16faf59813c9014e839deff963864889f8f118f,-49,,3,64,12.0,3
19:06:01,26.0,3,b338ddcd762cb2424eda86d54507dfcbca7162e31e9de7b2a0d3dadbcb1180d0,-68,,3,64,7.0,3
19:06:02,26.0,3,b338ddcd762cb2424eda86d54507dfcbca7162e31e9de7b2a0d3dadbcb1180d0,-69,,3,64,7.0,3
19:06:03,26.0,3,b338ddcd762cb2424eda86d54507dfcbca7162e31e9de7b2a0d3dadbcb1180d0,-84,,3,64,7.0,3
19:06:04,26.0,3,b338ddcd762cb2424eda86d54507dfcbca7162e31e9de7b2a0d3dadbcb1180d0,-74,,3,64,7.0,3
19:06:05,26.0,3,94da4cc58555cd41a9b646fca16faf59813c9014e839deff963864889f8f118f,-66,,3,64,12.0,3
19:06:05,26.0,3,94da4cc58555cd41a9b646fca16faf59813c9014e839deff963864889f8f118f,-50,,3,64,12.0,3
19:06:06,26.0,3,94da4cc58555cd41a9b646fca16faf59813c9014e839deff963864889f8f118f,-52,,3,64,12.0,3
19:06:07,26.0,3,94da4cc58555cd41a9b646fca16faf59813c9014e839deff963864889f8f118f,-50,,3,64,12.0,3
19:06:08,26.0,3,94da4cc58555cd41a9b646fca16faf59813c9014e839deff963864889f8f118f,-57,,3,64,12.0,3
19:06:08,,3,9da497ee5ac65f9f2b94bffb0c9f5d06a34ddc071c0dcd296096ffc2f802e1d4,-47,,3,64,,3
19:06:09,,3,9da497ee5ac65f9f2b94bffb0c9f5d06a34ddc071c0dcd296096ffc2f802e1d4,-49,,3,64,,3
19:06:10,,3,9da497ee5ac65f9f2b94bffb0c9f5d06a34ddc071c0dcd296096ffc2f802e1d4,-50,,3,64,,3
19:06:11,26.0,3,94da4cc58555cd41a9b646fca16faf59813c9014e839deff963864889f8f118f,-55,,3,64,12.0,3
19:06:12,,3,9da497ee5ac65f9f2b94bffb0c9f5d06a34ddc071c0dcd296096ffc2f802e1d4,-55,,3,64,,3
19:06:13,26.0,3,94da4cc58555cd41a9b646fca16faf59813c9014e839deff963864889f8f118f,-57,,3,64,12.0,3
19:06:13,26.0,3,94da4cc58555cd41a9b646fca16faf59813c9014e839deff963864889f8f118f,-47,,3,64,12.0,3
19:06:14,26.0,3,94da4cc58555cd41a9b646fca16faf59813c9014e839deff963864889f8f118f,-53,,3,64,12.0,3
19:06:15,26.0,3,94da4cc58555cd41a9b646fca16faf59813c9014e839deff963864889f8f118f,-64,,3,64,12.0,3
19:06:16,,3,9da497ee5ac65f9f2b94bffb0c9f5d06a34ddc071c0dcd296096ffc2f802e1d4,-58,,3,64,,3
19:06:17,26.0,3,94da4cc58555cd41a9b646fca16faf59813c9014e839deff963864889f8f118f,-63,,3,64,12.0,3
19:06:17,26.0,3,94da4cc58555cd41a9b646fca16faf59813c9014e839deff963864889f8f118f,-52,,3,64,12.0,3
19:06:18,26.0,3,94da4cc58555cd41a9b646fca16faf59813c9014e839deff963864889f8f118f,-55,,3,64,12.0,3
19:06:19,26.0,3,94da4cc58555cd41a9b646fca16faf59813c9014e839deff963864889f8f118f,-59,,3,64,12.0,3
19:06:20,26.0,3,94da4cc58555cd41a9b646fca16faf59813c9014e839deff963864889f8f118f,-53,,3,64,12.0,3
19:06:21,26.0,3,94da4cc58555cd41a9b646fca16faf59813c9014e839deff963864889f8f118f,-48,,3,64,12.0,3
19:06:21,26.0,3,94da4cc58555cd41a9b646fca16faf59813c9014e839deff963864889f8f118f,-49,,3,64,12.0,3
19:06:22,26.0,3,94da4cc58555cd41a9b646fca16faf59813c9014e839deff963864889f8f118f,-54,,3,64,12.0,3
19:06:23,26.0,3,94da4cc58555cd41a9b646fca16faf59813c9014e839deff963864889f8f118f,-49,,3,64,12.0,3
19:06:24,26.0,3,94da4cc58555cd41a9b646fca16faf59813c9014e839deff963864889f8f118f,-58,,3,64,12.0,3
19:06:25,,3,9da497ee5ac65f9f2b94bffb0c9f5d06a34ddc071c0dcd296096ffc2f802e1d4,-61,,3,64,,3
19:06:25,26.0,3,94da4cc58555cd41a9b646fca16faf59813c9014e839deff963864889f8f118f,-52,,3,64,12.0,3
19:06:26,26.0,3,94da4cc58555cd41a9b646fca16faf59813c9014e839deff963864889f8f118f,-50,,3,64,12.0,3
19:06:27,26.0,3,94da4cc58555cd41a9b646fca16faf59813c9014e839deff963864889f8f118f,-53,,3,64,12.0,3
19:06:28,26.0,3,94da4cc58555cd41a9b646fca16faf59813c9014e839deff963864889f8f118f,-64,,3,64,12.0,3
19:06:29,26.0,3,94da4cc58555cd41a9b646fca16faf59813c9014e839deff963864889f8f118f,-57,,3,64,12.0,3
19:06:29,26.0,3,94da4cc58555cd41a9b646fca16faf59813c9014e839deff963864889f8f118f,-57,,3,64,12.0,3
19:06:30,,3,9da497ee5ac65f9f2b94bffb0c9f5d06a34ddc071c0dcd296096ffc2f802e1d4,-59,,3,64,,3
19:06:31,,3,9da497ee5ac65f9f2b94bffb0c9f5d06a34ddc071c0dcd296096ffc2f802e1d4,-62,,3,64,,3
19:06:32,,3,9da497ee5ac65f9f2b94bffb0c9f5d06a34ddc071c0dcd296096ffc2f802e1d4,-62,,3,64,,3
19:06:33,,3,9da497ee5ac65f9f2b94bffb0c9f5d06a34ddc071c0dcd296096ffc2f802e1d4,-50,,3,64,,3
19:06:34,26.0,3,94da4cc58555cd41a9b646fca16faf59813c9014e839deff963864889f8f118f,-48,,3,64,12.0,3
19:06:35,,3,9da497ee5ac65f9f2b94bffb0c9f5d06a34ddc071c0dcd296096ffc2f802e1d4,-47,,3,64,,3
19:06:36,26.0,3,94da4cc58555cd41a9b646fca16faf59813c9014e839deff963864889f8f118f,-50,,3,64,12.0,3
19:06:37,6.0,3,d0ba4f33c73caca4f33a49abba570a59ba69ae3a03d71674ece4f38820abf7fd,-92,Pb213,3,64,,3
19:06:37,26.0,3,94da4cc58555cd41a9b646fca16faf59813c9014e839deff963864889f8f118f,-53,,3,64,12.0,3
19:06:38,26.0,3,94da4cc58555cd41a9b646fca16faf59813c9014e839deff963864889f8f118f,-38,,3,64,12.0,3
19:06:39,26.0,3,94da4cc58555cd41a9b646fca16faf59813c9014e839deff963864889f8f118f,-58,,3,64,12.0,3
19:06:40,,3,9da497ee5ac65f9f2b94bffb0c9f5d06a34ddc071c0dcd296096ffc2f802e1d4,-58,,3,64,,3
19:06:41,26.0,3,94da4cc58555cd41a9b646fca16faf59813c9014e839deff963864889f8f118f,-54,,3,64,12.0,3
19:06:41,26.0,3,94da4cc58555cd41a9b646fca16faf59813c9014e839deff963864889f8f118f,-38,,3,64,12.0,3
19:06:42,26.0,3,94da4cc58555cd41a9b646fca16faf59813c9014e839deff963864889f8f118f,-55,,3,64,12.0,3
19:06:43,26.0,3,94da4cc58555cd41a9b646fca16faf59813c9014e839deff963864889f8f118f,-56,,3,64,12.0,3
19:06:44,,3,9da497ee5ac65f9f2b94bffb0c9f5d06a34ddc071c0dcd296096ffc2f802e1d4,-53,,3,64,,3
19:06:45,26.0,3,94da4cc58555cd41a9b646fca16faf59813c9014e839deff963864889f8f118f,-39,,3,64,12.0,3
19:06:45,26.0,3,94da4cc58555cd41a9b646fca16faf59813c9014e839deff963864889f8f118f,-60,,3,64,12.0,3
19:06:46,26.0,3,94da4cc58555cd41a9b646fca16faf59813c9014e839deff963864889f8f118f,-49,,3,64,12.0,3
19:06:47,26.0,3,94da4cc58555cd41a9b646fca16faf59813c9014e839deff963864889f8f118f,-40,,3,64,12.0,3
19:06:48,,3,9da497ee5ac65f9f2b94bffb0c9f5d06a34ddc071c0dcd296096ffc2f802e1d4,-41,,3,64,,3
19:06:49,26.0,3,94da4cc58555cd41a9b646fca16faf59813c9014e839deff963864889f8f118f,-57,,3,64,12.0,3
19:06:50,26.0,3,94da4cc58555cd41a9b646fca16faf59813c9014e839deff963864889f8f118f,-39,,3,64,12.0,3
19:06:50,26.0,3,94da4cc58555cd41a9b646fca16faf59813c9014e839deff963864889f8f118f,-46,,3,64,12.0,3
19:06:51,26.0,3,94da4cc58555cd41a9b646fca16faf59813c9014e839deff963864889f8f118f,-53,,3,64,12.0,3
19:06:52,,3,9da497ee5ac65f9f2b94bffb0c9f5d06a34ddc071c0dcd296096ffc2f802e1d4,-56,,3,64,,3
19:06:53,26.0,3,94da4cc58555cd41a9b646fca16faf59813c9014e839deff963864889f8f118f,-61,,3,64,12.0,3
19:06:54,26.0,3,94da4cc58555cd41a9b646fca16faf59813c9014e839deff963864889f8f118f,-53,,3,64,12.0,3
19:06:54,26.0,3,94da4cc58555cd41a9b646fca16faf59813c9014e839deff963864889f8f118f,-50,,3,64,12.0,3
19:06:55,26.0,3,94da4cc58555cd41a9b646fca16faf59813c9014e839deff963864889f8f118f,-48,,3,64,12.0,3
19:06:56,26.0,3,94da4cc58555cd41a9b646fca16faf59813c9014e839deff963864889f8f118f,-66,,3,64,12.0,3
19:06:57,26.0,3,94da4cc58555cd41a9b646fca16faf59813c9014e839deff963864889f8f118f,-47,,3,64,12.0,3
19:06:58,26.0,3,94da4cc58555cd41a9b646fca16faf59813c9014e839deff963864889f8f118f,-49,,3,64,12.0,3
19:06:58,26.0,3,94da4cc58555cd41a9b646fca16faf59813c9014e839deff963864889f8f118f,-54,,3,64,12.0,3
19:06:59,26.0,3,94da4cc58555cd41a9b646fca16faf59813c9014e839deff963864889f8f118f,-50,,3,64,12.0,3
19:07:00,26.0,3,94da4cc58555cd41a9b646fca16faf59813c9014e839deff963864889f8f118f,-55,,3,64,12.0,3
19:07:01,,3,9da497ee5ac65f9f2b94bffb0c9f5d06a34ddc071c0dcd296096ffc2f802e1d4,-59,,3,64,,3
19:07:02,26.0,3,94da4cc58555cd41a9b646fca16faf59813c9014e839deff963864889f8f118f,-49,,3,64,12.0,3
19:07:02,26.0,3,94da4cc58555cd41a9b646fca16faf59813c9014e839deff963864889f8f118f,-57,,3,64,12.0,3
19:07:03,26.0,3,94da4cc58555cd41a9b646fca16faf59813c9014e839deff963864889f8f118f,-63,,3,64,12.0,3
19:07:04,26.0,3,94da4cc58555cd41a9b646fca16faf59813c9014e839deff963864889f8f118f,-65,,3,64,12.0,3
19:07:05,26.0,3,94da4cc58555cd41a9b646fca16faf59813c9014e839deff963864889f8f118f,-49,,3,64,12.0,3
19:07:06,26.0,3,94da4cc58555cd41a9b646fca16faf59813c9014e839deff963864889f8f118f,-62,,3,64,12.0,3
19:07:06,26.0,3,94da4cc58555cd41a9b646fca16faf59813c9014e839deff963864889f8f118f,-62,,3,64,12.0,3
19:07:07,26.0,3,94da4cc58555cd41a9b646fca16faf59813c9014e839deff963864889f8f118f,-56,,3,64,12.0,3
19:07:08,26.0,3,94da4cc58555cd41a9b646fca16faf59813c9014e839deff963864889f8f118f,-55,,3,64,12.0,3
19:07:09,26.0,3,94da4cc58555cd41a9b646fca16faf59813c9014e839deff963864889f8f118f,-61,,3,64,12.0,3
19:07:10,26.0,3,94da4cc58555cd41a9b646fca16faf59813c9014e839deff963864889f8f118f,-56,,3,64,12.0,3
19:07:10,26.0,3,94da4cc58555cd41a9b646fca16faf59813c9014e839deff963864889f8f118f,-62,,3,64,12.0,3
19:07:11,26.0,3,94da4cc58555cd41a9b646fca16faf59813c9014e839deff963864889f8f118f,-57,,3,64,12.0,3
19:07:12,26.0,3,94da4cc58555cd41a9b646fca16faf59813c9014e839deff963864889f8f118f,-57,,3,64,12.0,3
19:07:13,26.0,3,94da4cc58555cd41a9b646fca16faf59813c9014e839deff963864889f8f118f,-57,,3,64,12.0,3
19:07:14,26.0,3,94da4cc58555cd41a9b646fca16faf59813c9014e839deff963864889f8f118f,-39,,3,64,12.0,3
19:07:14,26.0,3,94da4cc58555cd41a9b646fca16faf59813c9014e839deff963864889f8f118f,-47,,3,64,12.0,3
19:07:15,26.0,3,94da4cc58555cd41a9b646fca16faf59813c9014e839deff963864889f8f118f,-55,,3,64,12.0,3
19:07:16,,3,9da497ee5ac65f9f2b94bffb0c9f5d06a34ddc071c0dcd296096ffc2f802e1d4,-46,,3,64,,3
19:07:17,26.0,3,94da4cc58555cd41a9b646fca16faf59813c9014e839deff963864889f8f118f,-53,,3,64,12.0,3
19:07:18,26.0,3,94da4cc58555cd41a9b646fca16faf59813c9014e839deff963864889f8f118f,-48,,3,64,12.0,3
19:07:18,26.0,3,94da4cc58555cd41a9b646fca16faf59813c9014e839deff963864889f8f118f,-58,,3,64,12.0,3
19:07:19,26.0,3,94da4cc58555cd41a9b646fca16faf59813c9014e839deff963864889f8f118f,-54,,3,64,12.0,3
19:07:20,26.0,3,94da4cc58555cd41a9b646fca16faf59813c9014e839deff963864889f8f118f,-42,,3,64,12.0,3
19:07:21,26.0,3,94da4cc58555cd41a9b646fca16faf59813c9014e839deff963864889f8f118f,-40,,3,64,12.0,3
19:07:22,,3,9da497ee5ac65f9f2b94bffb0c9f5d06a34ddc071c0dcd296096ffc2f802e1d4,-41,,3,64,,3
19:07:22,6.0,3,d0ba4f33c73caca4f33a49abba570a59ba69ae3a03d71674ece4f38820abf7fd,-90,Pb213,3,64,,3
19:07:23,6.0,3,d0ba4f33c73caca4f33a49abba570a59ba69ae3a03d71674ece4f38820abf7fd,-92,Pb213,3,64,,3
19:07:24,,3,9da497ee5ac65f9f2b94bffb0c9f5d06a34ddc071c0dcd296096ffc2f802e1d4,-70,,3,64,,3
19:07:25,,3,9da497ee5ac65f9f2b94bffb0c9f5d06a34ddc071c0dcd296096ffc2f802e1d4,-77,,3,64,,3
19:07:26,,3,9da497ee5ac65f9f2b94bffb0c9f5d06a34ddc071c0dcd296096ffc2f802e1d4,-73,,3,64,,3
19:07:26,,3,9da497ee5ac65f9f2b94bffb0c9f5d06a34ddc071c0dcd296096ffc2f802e1d4,-80,,3,64,,3
19:07:27,,3,9da497ee5ac65f9f2b94bffb0c9f5d06a34ddc071c0dcd296096ffc2f802e1d4,-71,,3,64,,3
19:07:28,,3,9da497ee5ac65f9f2b94bffb0c9f5d06a34ddc071c0dcd296096ffc2f802e1d4,-72,,3,64,,3
19:07:29,26.0,3,4e53b55f7b84832628926bdaf4f8f46cb2273cd0892ca0f81cdd745ded98135e,-92,,3,64,8.0,3
