Time,spreading_factor,data,frequency,bandwidth,rx_timestamp,rssi,snr,sfrx,sftx,tx_trials,tx_power,tx_time_on_air,tx_counter,tx_frequency
15:06:32,7,b'',863000000,0,0,0,0.0,0,0,0,14,0,0,0
15:06:34,7,b'',864000000,0,0,0,0.0,0,0,0,14,0,0,0
15:06:36,7,b'',865000000,0,0,0,0.0,0,0,0,14,0,0,0
15:06:38,7,b'',866000000,0,0,0,0.0,0,0,0,14,0,0,0
15:06:39,7,b'',867000000,0,0,0,0.0,0,0,0,14,0,0,0
15:06:41,7,b'',868000000,0,0,0,0.0,0,0,0,14,0,0,0
15:06:43,7,b'',869000000,0,0,0,0.0,0,0,0,14,0,0,0
15:06:45,7,b'',864862500,0,0,0,0.0,0,0,0,14,0,0,0
15:06:47,7,b'',865062500,0,0,0,0.0,0,0,0,14,0,0,0
15:06:48,7,b'',865402500,0,0,0,0.0,0,0,0,14,0,0,0
15:06:50,7,b'',865602500,0,0,0,0.0,0,0,0,14,0,0,0
15:06:52,7,b'',865985000,0,0,0,0.0,0,0,0,14,0,0,0
15:06:54,7,b'',866200000,0,0,0,0.0,0,0,0,14,0,0,0
15:06:56,7,b'',866400000,0,0,0,0.0,0,0,0,14,0,0,0
15:06:57,7,b'',866600000,0,0,0,0.0,0,0,0,14,0,0,0
15:06:59,7,b'',863000000,0,0,0,0.0,0,0,0,14,0,0,0
15:07:01,7,b'',864000000,0,0,0,0.0,0,0,0,14,0,0,0
15:07:03,7,b'',865000000,0,0,0,0.0,0,0,0,14,0,0,0
15:07:05,7,b'',866000000,0,0,0,0.0,0,0,0,14,0,0,0
15:07:06,7,b'',867000000,0,0,0,0.0,0,0,0,14,0,0,0
15:07:08,7,b'',868000000,0,0,0,0.0,0,0,0,14,0,0,0
15:07:10,7,b'',869000000,0,0,0,0.0,0,0,0,14,0,0,0
15:07:12,7,b'',864862500,0,0,0,0.0,0,0,0,14,0,0,0
15:07:14,7,b'',865062500,0,0,0,0.0,0,0,0,14,0,0,0
15:07:15,7,b'',865402500,0,0,0,0.0,0,0,0,14,0,0,0
15:07:17,7,b'',865602500,0,0,0,0.0,0,0,0,14,0,0,0
15:07:19,7,b'',865985000,0,0,0,0.0,0,0,0,14,0,0,0
15:07:21,7,b'',866200000,0,0,0,0.0,0,0,0,14,0,0,0
15:07:23,7,b'',866400000,0,0,0,0.0,0,0,0,14,0,0,0
15:07:24,7,b'',866600000,0,0,0,0.0,0,0,0,14,0,0,0
15:07:26,7,b'',863000000,0,0,0,0.0,0,0,0,14,0,0,0
15:07:28,7,b'',864000000,0,0,0,0.0,0,0,0,14,0,0,0
15:07:30,7,b'',865000000,0,0,0,0.0,0,0,0,14,0,0,0
15:07:32,7,b'',866000000,0,0,0,0.0,0,0,0,14,0,0,0
15:07:34,7,b'',867000000,0,0,0,0.0,0,0,0,14,0,0,0
15:07:35,7,b'',868000000,0,0,0,0.0,0,0,0,14,0,0,0
15:07:37,7,b'',869000000,0,0,0,0.0,0,0,0,14,0,0,0
15:07:39,7,b'',864862500,0,0,0,0.0,0,0,0,14,0,0,0
15:08:50,7,b'',866400000,0,0,0,0.0,0,0,0,14,0,0,0
15:08:52,7,b'',866600000,0,0,0,0.0,0,0,0,14,0,0,0
15:08:54,7,b'',863000000,0,0,0,0.0,0,0,0,14,0,0,0
15:08:55,7,b'',864000000,0,0,0,0.0,0,0,0,14,0,0,0
15:08:57,7,b'',865000000,0,0,0,0.0,0,0,0,14,0,0,0
15:08:59,7,b'',866000000,0,0,0,0.0,0,0,0,14,0,0,0
15:09:01,7,b'',867000000,0,0,0,0.0,0,0,0,14,0,0,0
15:09:03,7,b'',868000000,0,0,0,0.0,0,0,0,14,0,0,0
15:09:04,7,b'',869000000,0,0,0,0.0,0,0,0,14,0,0,0
15:09:06,7,b'',864862500,0,0,0,0.0,0,0,0,14,0,0,0
15:09:08,7,b'',865062500,0,0,0,0.0,0,0,0,14,0,0,0
15:09:10,7,b'',865402500,0,0,0,0.0,0,0,0,14,0,0,0
15:09:12,7,b'',865602500,0,0,0,0.0,0,0,0,14,0,0,0
15:09:13,7,b'',865985000,0,0,0,0.0,0,0,0,14,0,0,0
15:09:15,7,b'',866200000,0,0,0,0.0,0,0,0,14,0,0,0
15:09:17,7,b'',866400000,0,0,0,0.0,0,0,0,14,0,0,0
15:09:19,7,b'',866600000,0,0,0,0.0,0,0,0,14,0,0,0
15:09:21,7,b'',863000000,0,0,0,0.0,0,0,0,14,0,0,0
15:09:22,7,b'',864000000,0,0,0,0.0,0,0,0,14,0,0,0
15:09:24,7,b'',865000000,0,0,0,0.0,0,0,0,14,0,0,0
15:09:26,7,b'',866000000,0,0,0,0.0,0,0,0,14,0,0,0
15:09:28,7,b'',867000000,0,0,0,0.0,0,0,0,14,0,0,0
15:09:30,7,b'',868000000,0,0,0,0.0,0,0,0,14,0,0,0
15:09:31,7,b'',869000000,0,0,0,0.0,0,0,0,14,0,0,0
15:09:33,7,b'',864862500,0,0,0,0.0,0,0,0,14,0,0,0
15:09:35,7,b'',865062500,0,0,0,0.0,0,0,0,14,0,0,0
15:09:37,7,b'',865402500,0,0,0,0.0,0,0,0,14,0,0,0
15:09:39,7,b'',865602500,0,0,0,0.0,0,0,0,14,0,0,0
15:09:40,7,b'',865985000,0,0,0,0.0,0,0,0,14,0,0,0
15:09:42,7,b'',866200000,0,0,0,0.0,0,0,0,14,0,0,0
15:09:44,7,b'',866400000,0,0,0,0.0,0,0,0,14,0,0,0
15:09:46,7,b'',866600000,0,0,0,0.0,0,0,0,14,0,0,0
15:09:48,7,b'',863000000,0,0,0,0.0,0,0,0,14,0,0,0
15:09:49,7,b'',864000000,0,0,0,0.0,0,0,0,14,0,0,0
15:09:51,7,b'',865000000,0,0,0,0.0,0,0,0,14,0,0,0
15:09:53,7,b'',866000000,0,0,0,0.0,0,0,0,14,0,0,0
15:09:55,7,b'',867000000,0,0,0,0.0,0,0,0,14,0,0,0
15:09:57,7,b'',868000000,0,0,0,0.0,0,0,0,14,0,0,0
15:09:58,7,b'',869000000,0,0,0,0.0,0,0,0,14,0,0,0
15:10:00,7,b'',864862500,0,0,0,0.0,0,0,0,14,0,0,0
15:10:02,7,b'',865062500,0,0,0,0.0,0,0,0,14,0,0,0
15:10:04,7,b'',865402500,0,0,0,0.0,0,0,0,14,0,0,0
15:10:06,7,b'',865602500,0,0,0,0.0,0,0,0,14,0,0,0
15:10:07,7,b'',865985000,0,0,0,0.0,0,0,0,14,0,0,0
15:10:09,7,b'',866200000,0,0,0,0.0,0,0,0,14,0,0,0
15:10:11,7,b'',866400000,0,0,0,0.0,0,0,0,14,0,0,0
15:10:13,7,b'',866600000,0,0,0,0.0,0,0,0,14,0,0,0
15:10:15,7,b'',863000000,0,0,0,0.0,0,0,0,14,0,0,0
15:10:16,7,b'',864000000,0,0,0,0.0,0,0,0,14,0,0,0
15:10:18,7,b'',865000000,0,0,0,0.0,0,0,0,14,0,0,0
15:10:20,7,b'',866000000,0,0,0,0.0,0,0,0,14,0,0,0
15:10:22,7,b'',867000000,0,0,0,0.0,0,0,0,14,0,0,0
15:10:24,7,b'',868000000,0,0,0,0.0,0,0,0,14,0,0,0
15:10:25,7,b'',869000000,0,0,0,0.0,0,0,0,14,0,0,0
15:10:27,7,b'',864862500,0,0,0,0.0,0,0,0,14,0,0,0
15:10:29,7,b'',865062500,0,0,0,0.0,0,0,0,14,0,0,0
15:10:31,7,b'',865402500,0,0,0,0.0,0,0,0,14,0,0,0
15:10:33,7,b'',865602500,0,0,0,0.0,0,0,0,14,0,0,0
15:10:34,7,b'',865985000,0,0,0,0.0,0,0,0,14,0,0,0
15:10:36,7,b'',866200000,0,0,0,0.0,0,0,0,14,0,0,0
15:10:38,7,b'',866400000,0,0,0,0.0,0,0,0,14,0,0,0
15:10:40,7,b'',866600000,0,0,0,0.0,0,0,0,14,0,0,0
15:10:42,7,b'',863000000,0,0,0,0.0,0,0,0,14,0,0,0
15:10:43,7,b'',864000000,0,0,0,0.0,0,0,0,14,0,0,0
15:10:45,7,b'',865000000,0,0,0,0.0,0,0,0,14,0,0,0
15:10:47,7,b'',866000000,0,0,0,0.0,0,0,0,14,0,0,0
15:10:49,7,b'',867000000,0,0,0,0.0,0,0,0,14,0,0,0
15:10:51,7,b'',868000000,0,0,0,0.0,0,0,0,14,0,0,0
15:10:52,7,b'',869000000,0,0,0,0.0,0,0,0,14,0,0,0
15:10:54,7,b'',864862500,0,0,0,0.0,0,0,0,14,0,0,0
15:10:56,7,b'',865062500,0,0,0,0.0,0,0,0,14,0,0,0
15:10:58,7,b'',865402500,0,0,0,0.0,0,0,0,14,0,0,0
15:11:00,7,b'',865602500,0,0,0,0.0,0,0,0,14,0,0,0
15:11:01,7,b'',865985000,0,0,0,0.0,0,0,0,14,0,0,0
15:11:03,7,b'',866200000,0,0,0,0.0,0,0,0,14,0,0,0
15:11:05,7,b'',866400000,0,0,0,0.0,0,0,0,14,0,0,0
15:11:07,7,b'',866600000,0,0,0,0.0,0,0,0,14,0,0,0
15:11:09,7,b'',863000000,0,0,0,0.0,0,0,0,14,0,0,0
15:11:10,7,b'',864000000,0,0,0,0.0,0,0,0,14,0,0,0
15:11:12,7,b'',865000000,0,0,0,0.0,0,0,0,14,0,0,0
15:11:14,7,b'',866000000,0,0,0,0.0,0,0,0,14,0,0,0
15:11:16,7,b'',867000000,0,0,0,0.0,0,0,0,14,0,0,0
15:11:18,7,b'',868000000,0,0,0,0.0,0,0,0,14,0,0,0
15:11:19,7,b'',869000000,0,0,0,0.0,0,0,0,14,0,0,0
15:11:21,7,b'',864862500,0,0,0,0.0,0,0,0,14,0,0,0
15:11:23,7,b'',865062500,0,0,0,0.0,0,0,0,14,0,0,0
15:11:25,7,b'',865402500,0,0,0,0.0,0,0,0,14,0,0,0
15:11:27,7,b'',865602500,0,0,0,0.0,0,0,0,14,0,0,0
15:11:28,7,b'',865985000,0,0,0,0.0,0,0,0,14,0,0,0
15:11:30,7,b'',866200000,0,0,0,0.0,0,0,0,14,0,0,0
15:11:32,7,b'',866400000,0,0,0,0.0,0,0,0,14,0,0,0
15:11:34,7,b'',866600000,0,0,0,0.0,0,0,0,14,0,0,0
15:11:36,7,b'',863000000,0,0,0,0.0,0,0,0,14,0,0,0
15:11:37,7,b'',864000000,0,0,0,0.0,0,0,0,14,0,0,0
15:11:39,7,b'',865000000,0,0,0,0.0,0,0,0,14,0,0,0
15:11:41,7,b'',866000000,0,0,0,0.0,0,0,0,14,0,0,0
15:11:43,7,b'',867000000,0,0,0,0.0,0,0,0,14,0,0,0
15:11:45,7,b'',868000000,0,0,0,0.0,0,0,0,14,0,0,0
15:11:46,7,b'',869000000,0,0,0,0.0,0,0,0,14,0,0,0
15:11:48,7,b'',864862500,0,0,0,0.0,0,0,0,14,0,0,0
15:11:50,7,b'',865062500,0,0,0,0.0,0,0,0,14,0,0,0
15:11:52,7,b'',865402500,0,0,0,0.0,0,0,0,14,0,0,0
15:11:54,7,b'',865602500,0,0,0,0.0,0,0,0,14,0,0,0
15:11:55,7,b'',865985000,0,0,0,0.0,0,0,0,14,0,0,0
15:11:57,7,b'',866200000,0,0,0,0.0,0,0,0,14,0,0,0
15:11:59,7,b'',866400000,0,0,0,0.0,0,0,0,14,0,0,0
15:12:01,7,b'',866600000,0,0,0,0.0,0,0,0,14,0,0,0
15:12:03,7,b'',863000000,0,0,0,0.0,0,0,0,14,0,0,0
15:12:04,7,b'',864000000,0,0,0,0.0,0,0,0,14,0,0,0
15:12:06,7,b'',865000000,0,0,0,0.0,0,0,0,14,0,0,0
15:12:08,7,b'',866000000,0,0,0,0.0,0,0,0,14,0,0,0
15:12:10,7,b'',867000000,0,0,0,0.0,0,0,0,14,0,0,0
15:12:12,7,b'',868000000,0,0,0,0.0,0,0,0,14,0,0,0
15:12:13,7,b'',869000000,0,0,0,0.0,0,0,0,14,0,0,0
15:12:15,7,b'',864862500,0,0,0,0.0,0,0,0,14,0,0,0
15:12:17,7,b'',865062500,0,0,0,0.0,0,0,0,14,0,0,0
15:12:19,7,b'',865402500,0,0,0,0.0,0,0,0,14,0,0,0
15:12:21,7,b'',865602500,0,0,0,0.0,0,0,0,14,0,0,0
15:12:22,7,b'',865985000,0,0,0,0.0,0,0,0,14,0,0,0
15:12:24,7,b'',866200000,0,0,0,0.0,0,0,0,14,0,0,0
15:12:26,7,b'',866400000,0,0,0,0.0,0,0,0,14,0,0,0
15:12:28,7,b'',866600000,0,0,0,0.0,0,0,0,14,0,0,0
15:12:30,7,b'',863000000,0,0,0,0.0,0,0,0,14,0,0,0
15:12:31,7,b'',864000000,0,0,0,0.0,0,0,0,14,0,0,0
15:12:33,7,b'',865000000,0,0,0,0.0,0,0,0,14,0,0,0
15:12:35,7,b'',866000000,0,0,0,0.0,0,0,0,14,0,0,0
15:12:37,7,b'',867000000,0,0,0,0.0,0,0,0,14,0,0,0
15:12:39,7,b'',868000000,0,0,0,0.0,0,0,0,14,0,0,0
15:12:40,7,b'',869000000,0,0,0,0.0,0,0,0,14,0,0,0
15:12:42,7,b'',864862500,0,0,0,0.0,0,0,0,14,0,0,0
15:12:44,7,b'',865062500,0,0,0,0.0,0,0,0,14,0,0,0
15:12:46,7,b'',865402500,0,0,0,0.0,0,0,0,14,0,0,0
15:12:48,7,b'',865602500,0,0,0,0.0,0,0,0,14,0,0,0
15:12:49,7,b'',865985000,0,0,0,0.0,0,0,0,14,0,0,0
15:12:51,7,b'',866200000,0,0,0,0.0,0,0,0,14,0,0,0
15:12:53,7,b'',866400000,0,0,0,0.0,0,0,0,14,0,0,0
15:12:55,7,b'',866600000,0,0,0,0.0,0,0,0,14,0,0,0
15:12:57,7,b'',863000000,0,0,0,0.0,0,0,0,14,0,0,0
15:12:58,7,b'',864000000,0,0,0,0.0,0,0,0,14,0,0,0
15:13:00,7,b'',865000000,0,0,0,0.0,0,0,0,14,0,0,0
15:13:02,7,b'',866000000,0,0,0,0.0,0,0,0,14,0,0,0
15:13:04,7,b'',867000000,0,0,0,0.0,0,0,0,14,0,0,0
15:13:06,7,b'',868000000,0,0,0,0.0,0,0,0,14,0,0,0
15:13:07,7,b'',869000000,0,0,0,0.0,0,0,0,14,0,0,0
15:13:09,7,b'',864862500,0,0,0,0.0,0,0,0,14,0,0,0
15:13:11,7,b'',865062500,0,0,0,0.0,0,0,0,14,0,0,0
15:13:13,7,b'',865402500,0,0,0,0.0,0,0,0,14,0,0,0
15:13:15,7,b'',865602500,0,0,0,0.0,0,0,0,14,0,0,0
15:13:16,7,b'',865985000,0,0,0,0.0,0,0,0,14,0,0,0
15:13:18,7,b'',866200000,0,0,0,0.0,0,0,0,14,0,0,0
15:13:20,7,b'',866400000,0,0,0,0.0,0,0,0,14,0,0,0
15:13:22,7,b'',866600000,0,0,0,0.0,0,0,0,14,0,0,0
15:13:24,7,b'',863000000,0,0,0,0.0,0,0,0,14,0,0,0
15:13:25,7,b'',864000000,0,0,0,0.0,0,0,0,14,0,0,0
15:13:27,7,b'',865000000,0,0,0,0.0,0,0,0,14,0,0,0
15:13:29,7,b'',866000000,0,0,0,0.0,0,0,0,14,0,0,0
15:13:31,7,b'',867000000,0,0,0,0.0,0,0,0,14,0,0,0
15:13:33,7,b'',868000000,0,0,0,0.0,0,0,0,14,0,0,0
15:13:34,7,b'',869000000,0,0,0,0.0,0,0,0,14,0,0,0
15:13:36,7,b'',864862500,0,0,0,0.0,0,0,0,14,0,0,0
15:13:38,7,b'',865062500,0,0,0,0.0,0,0,0,14,0,0,0
15:13:40,7,b'',865402500,0,0,0,0.0,0,0,0,14,0,0,0
15:13:42,7,b'',865602500,0,0,0,0.0,0,0,0,14,0,0,0
15:13:43,7,b'',865985000,0,0,0,0.0,0,0,0,14,0,0,0
15:13:45,7,b'',866200000,0,0,0,0.0,0,0,0,14,0,0,0
15:13:47,7,b'',866400000,0,0,0,0.0,0,0,0,14,0,0,0
15:13:49,7,b'',866600000,0,0,0,0.0,0,0,0,14,0,0,0
15:13:51,7,b'',863000000,0,0,0,0.0,0,0,0,14,0,0,0
15:13:53,7,b'',864000000,0,0,0,0.0,0,0,0,14,0,0,0
15:13:54,7,b'',865000000,0,0,0,0.0,0,0,0,14,0,0,0
15:13:56,7,b'',866000000,0,0,0,0.0,0,0,0,14,0,0,0
15:13:58,7,b'',867000000,0,0,0,0.0,0,0,0,14,0,0,0
15:14:00,7,b'',868000000,0,0,0,0.0,0,0,0,14,0,0,0
15:14:01,7,b'',869000000,0,0,0,0.0,0,0,0,14,0,0,0
15:14:03,7,b'',864862500,0,0,0,0.0,0,0,0,14,0,0,0
15:14:05,7,b'',865062500,0,0,0,0.0,0,0,0,14,0,0,0
15:14:07,7,b'',865402500,0,0,0,0.0,0,0,0,14,0,0,0
15:14:09,7,b'',865602500,0,0,0,0.0,0,0,0,14,0,0,0
15:14:11,7,b'',865985000,0,0,0,0.0,0,0,0,14,0,0,0
15:14:12,7,b'',866200000,0,0,0,0.0,0,0,0,14,0,0,0
15:14:14,7,b'',866400000,0,0,0,0.0,0,0,0,14,0,0,0
15:14:16,7,b'',866600000,0,0,0,0.0,0,0,0,14,0,0,0
15:14:18,7,b'',863000000,0,0,0,0.0,0,0,0,14,0,0,0
15:14:20,7,b'',864000000,0,0,0,0.0,0,0,0,14,0,0,0
15:14:21,7,b'',865000000,0,0,0,0.0,0,0,0,14,0,0,0
15:14:23,7,b'',866000000,0,0,0,0.0,0,0,0,14,0,0,0
15:14:25,7,b'',867000000,0,0,0,0.0,0,0,0,14,0,0,0
15:14:27,7,b'',868000000,0,0,0,0.0,0,0,0,14,0,0,0
15:14:29,7,b'',869000000,0,0,0,0.0,0,0,0,14,0,0,0
15:14:30,7,b'',864862500,0,0,0,0.0,0,0,0,14,0,0,0
15:14:32,7,b'',865062500,0,0,0,0.0,0,0,0,14,0,0,0
15:14:34,7,b'',865402500,0,0,0,0.0,0,0,0,14,0,0,0
15:14:36,7,b'',865602500,0,0,0,0.0,0,0,0,14,0,0,0
15:14:38,7,b'',865985000,0,0,0,0.0,0,0,0,14,0,0,0
15:14:39,7,b'',866200000,0,0,0,0.0,0,0,0,14,0,0,0
15:14:41,7,b'',866400000,0,0,0,0.0,0,0,0,14,0,0,0
15:14:43,7,b'',866600000,0,0,0,0.0,0,0,0,14,0,0,0
15:14:45,7,b'',863000000,0,0,0,0.0,0,0,0,14,0,0,0
15:14:47,7,b'',864000000,0,0,0,0.0,0,0,0,14,0,0,0
15:14:48,7,b'',865000000,0,0,0,0.0,0,0,0,14,0,0,0
15:14:50,7,b'',866000000,0,0,0,0.0,0,0,0,14,0,0,0
15:14:52,7,b'',867000000,0,0,0,0.0,0,0,0,14,0,0,0
15:14:54,7,b'',868000000,0,0,0,0.0,0,0,0,14,0,0,0
15:14:56,7,b'',869000000,0,0,0,0.0,0,0,0,14,0,0,0
15:14:57,7,b'',864862500,0,0,0,0.0,0,0,0,14,0,0,0
15:14:59,7,b'',865062500,0,0,0,0.0,0,0,0,14,0,0,0
15:15:01,7,b'',865402500,0,0,0,0.0,0,0,0,14,0,0,0
15:15:03,7,b'',865602500,0,0,0,0.0,0,0,0,14,0,0,0
15:15:05,7,b'',865985000,0,0,0,0.0,0,0,0,14,0,0,0
15:15:06,7,b'',866200000,0,0,0,0.0,0,0,0,14,0,0,0
15:15:08,7,b'',866400000,0,0,0,0.0,0,0,0,14,0,0,0
15:15:10,7,b'',866600000,0,0,0,0.0,0,0,0,14,0,0,0
15:15:12,7,b'',863000000,0,0,0,0.0,0,0,0,14,0,0,0
15:15:14,7,b'',864000000,0,0,0,0.0,0,0,0,14,0,0,0
15:15:15,7,b'',865000000,0,0,0,0.0,0,0,0,14,0,0,0
15:15:17,7,b'',866000000,0,0,0,0.0,0,0,0,14,0,0,0
15:15:19,7,b'',867000000,0,0,0,0.0,0,0,0,14,0,0,0
15:15:21,7,b'',868000000,0,0,0,0.0,0,0,0,14,0,0,0
15:15:23,7,b'',869000000,0,0,0,0.0,0,0,0,14,0,0,0
15:15:24,7,b'',864862500,0,0,0,0.0,0,0,0,14,0,0,0
15:15:26,7,b'',865062500,0,0,0,0.0,0,0,0,14,0,0,0
15:15:28,7,b'',865402500,0,0,0,0.0,0,0,0,14,0,0,0
15:15:30,7,b'',865602500,0,0,0,0.0,0,0,0,14,0,0,0
15:15:32,7,b'',865985000,0,0,0,0.0,0,0,0,14,0,0,0
15:15:33,7,b'',866200000,0,0,0,0.0,0,0,0,14,0,0,0
15:15:35,7,b'',866400000,0,0,0,0.0,0,0,0,14,0,0,0
15:15:37,7,b'',866600000,0,0,0,0.0,0,0,0,14,0,0,0
15:15:39,7,b'',863000000,0,0,0,0.0,0,0,0,14,0,0,0
15:15:41,7,b'',864000000,0,0,0,0.0,0,0,0,14,0,0,0
15:15:42,7,b'',865000000,0,0,0,0.0,0,0,0,14,0,0,0
15:15:44,7,b'',866000000,0,0,0,0.0,0,0,0,14,0,0,0
15:15:46,7,b'',867000000,0,0,0,0.0,0,0,0,14,0,0,0
15:15:48,7,b'',868000000,0,0,0,0.0,0,0,0,14,0,0,0
15:15:50,7,b'',869000000,0,0,0,0.0,0,0,0,14,0,0,0
15:15:51,7,b'',864862500,0,0,0,0.0,0,0,0,14,0,0,0
15:15:53,7,b'',865062500,0,0,0,0.0,0,0,0,14,0,0,0
15:15:55,7,b'',865402500,0,0,0,0.0,0,0,0,14,0,0,0
15:15:57,7,b'',865602500,0,0,0,0.0,0,0,0,14,0,0,0
15:15:59,7,b'',865985000,0,0,0,0.0,0,0,0,14,0,0,0
15:16:00,7,b'',866200000,0,0,0,0.0,0,0,0,14,0,0,0
15:16:02,7,b'',866400000,0,0,0,0.0,0,0,0,14,0,0,0
15:16:04,7,b'',866600000,0,0,0,0.0,0,0,0,14,0,0,0
15:16:06,7,b'',863000000,0,0,0,0.0,0,0,0,14,0,0,0
15:16:08,7,b'',864000000,0,0,0,0.0,0,0,0,14,0,0,0
15:16:09,7,b'',865000000,0,0,0,0.0,0,0,0,14,0,0,0
15:16:11,7,b'',866000000,0,0,0,0.0,0,0,0,14,0,0,0
15:16:13,7,b'',867000000,0,0,0,0.0,0,0,0,14,0,0,0
15:16:15,7,b'',868000000,0,0,0,0.0,0,0,0,14,0,0,0
15:16:17,7,b'',869000000,0,0,0,0.0,0,0,0,14,0,0,0
15:16:18,7,b'',864862500,0,0,0,0.0,0,0,0,14,0,0,0
15:16:20,7,b'',865062500,0,0,0,0.0,0,0,0,14,0,0,0
15:16:22,7,b'',865402500,0,0,0,0.0,0,0,0,14,0,0,0
15:16:24,7,b'',865602500,0,0,0,0.0,0,0,0,14,0,0,0
15:16:26,7,b'',865985000,0,0,0,0.0,0,0,0,14,0,0,0
15:16:27,7,b'',866200000,0,0,0,0.0,0,0,0,14,0,0,0
15:16:29,7,b'',866400000,0,0,0,0.0,0,0,0,14,0,0,0
15:16:31,7,b'',866600000,0,0,0,0.0,0,0,0,14,0,0,0
15:16:33,7,b'',863000000,0,0,0,0.0,0,0,0,14,0,0,0
15:16:35,7,b'',864000000,0,0,0,0.0,0,0,0,14,0,0,0
15:16:36,7,b'',865000000,0,0,0,0.0,0,0,0,14,0,0,0
15:16:38,7,b'',866000000,0,0,0,0.0,0,0,0,14,0,0,0
15:16:40,7,b'',867000000,0,0,0,0.0,0,0,0,14,0,0,0
15:16:42,7,b'',868000000,0,0,0,0.0,0,0,0,14,0,0,0
15:16:44,7,b'',869000000,0,0,0,0.0,0,0,0,14,0,0,0
15:16:45,7,b'',864862500,0,0,0,0.0,0,0,0,14,0,0,0
15:16:47,7,b'',865062500,0,0,0,0.0,0,0,0,14,0,0,0
15:16:49,7,b'',865402500,0,0,0,0.0,0,0,0,14,0,0,0
15:16:51,7,b'',865602500,0,0,0,0.0,0,0,0,14,0,0,0
15:16:53,7,b'',865985000,0,0,0,0.0,0,0,0,14,0,0,0
15:16:54,7,b'',866200000,0,0,0,0.0,0,0,0,14,0,0,0
15:16:56,7,b'',866400000,0,0,0,0.0,0,0,0,14,0,0,0
15:16:58,7,b'',866600000,0,0,0,0.0,0,0,0,14,0,0,0
15:17:00,7,b'',863000000,0,0,0,0.0,0,0,0,14,0,0,0
15:17:02,7,b'',864000000,0,0,0,0.0,0,0,0,14,0,0,0
15:17:03,7,b'',865000000,0,0,0,0.0,0,0,0,14,0,0,0
15:17:05,7,b'',866000000,0,0,0,0.0,0,0,0,14,0,0,0
15:17:07,7,b'',867000000,0,0,0,0.0,0,0,0,14,0,0,0
15:17:09,7,b'',868000000,0,0,0,0.0,0,0,0,14,0,0,0
15:17:11,7,b'',869000000,0,0,0,0.0,0,0,0,14,0,0,0
15:17:12,7,b'',864862500,0,0,0,0.0,0,0,0,14,0,0,0
15:17:14,7,b'',865062500,0,0,0,0.0,0,0,0,14,0,0,0
15:17:16,7,b'',865402500,0,0,0,0.0,0,0,0,14,0,0,0
15:17:18,7,b'',865602500,0,0,0,0.0,0,0,0,14,0,0,0
15:17:20,7,b'',865985000,0,0,0,0.0,0,0,0,14,0,0,0
15:17:21,7,b'',866200000,0,0,0,0.0,0,0,0,14,0,0,0
15:17:23,7,b'',866400000,0,0,0,0.0,0,0,0,14,0,0,0
15:17:25,7,b'',866600000,0,0,0,0.0,0,0,0,14,0,0,0
15:17:27,7,b'',863000000,0,0,0,0.0,0,0,0,14,0,0,0
15:17:29,7,b'',864000000,0,0,0,0.0,0,0,0,14,0,0,0
15:17:30,7,b'',865000000,0,0,0,0.0,0,0,0,14,0,0,0
15:17:32,7,b'',866000000,0,0,0,0.0,0,0,0,14,0,0,0
15:17:34,7,b'',867000000,0,0,0,0.0,0,0,0,14,0,0,0
15:17:36,7,b'',868000000,0,0,0,0.0,0,0,0,14,0,0,0
15:17:38,7,b'',869000000,0,0,0,0.0,0,0,0,14,0,0,0
15:17:39,7,b'',864862500,0,0,0,0.0,0,0,0,14,0,0,0
15:17:41,7,b'',865062500,0,0,0,0.0,0,0,0,14,0,0,0
15:17:43,7,b'',865402500,0,0,0,0.0,0,0,0,14,0,0,0
15:17:45,7,b'',865602500,0,0,0,0.0,0,0,0,14,0,0,0
15:17:47,7,b'',865985000,0,0,0,0.0,0,0,0,14,0,0,0
15:17:48,7,b'',866200000,0,0,0,0.0,0,0,0,14,0,0,0
15:17:50,7,b'',866400000,0,0,0,0.0,0,0,0,14,0,0,0
15:17:52,7,b'',866600000,0,0,0,0.0,0,0,0,14,0,0,0
15:17:54,7,b'',863000000,0,0,0,0.0,0,0,0,14,0,0,0
15:17:56,7,b'',864000000,0,0,0,0.0,0,0,0,14,0,0,0
15:17:57,7,b'',865000000,0,0,0,0.0,0,0,0,14,0,0,0
15:17:59,7,b'',866000000,0,0,0,0.0,0,0,0,14,0,0,0
15:18:01,7,b'',867000000,0,0,0,0.0,0,0,0,14,0,0,0
15:18:03,7,b'',868000000,0,0,0,0.0,0,0,0,14,0,0,0
15:18:05,7,b'',869000000,0,0,0,0.0,0,0,0,14,0,0,0
15:18:06,7,b'',864862500,0,0,0,0.0,0,0,0,14,0,0,0
15:18:08,7,b'',865062500,0,0,0,0.0,0,0,0,14,0,0,0
15:18:10,7,b'',865402500,0,0,0,0.0,0,0,0,14,0,0,0
15:18:12,7,b'',865602500,0,0,0,0.0,0,0,0,14,0,0,0
15:18:14,7,b'',865985000,0,0,0,0.0,0,0,0,14,0,0,0
15:18:15,7,b'',866200000,0,0,0,0.0,0,0,0,14,0,0,0
15:18:17,7,b'',866400000,0,0,0,0.0,0,0,0,14,0,0,0
15:18:19,7,b'',866600000,0,0,0,0.0,0,0,0,14,0,0,0
15:18:21,7,b'',863000000,0,0,0,0.0,0,0,0,14,0,0,0
15:18:23,7,b'',864000000,0,0,0,0.0,0,0,0,14,0,0,0
15:18:24,7,b'',865000000,0,0,0,0.0,0,0,0,14,0,0,0
15:18:26,7,b'',866000000,0,0,0,0.0,0,0,0,14,0,0,0
15:18:28,7,b'',867000000,0,0,0,0.0,0,0,0,14,0,0,0
15:18:30,7,b'',868000000,0,0,0,0.0,0,0,0,14,0,0,0
15:18:32,7,b'',869000000,0,0,0,0.0,0,0,0,14,0,0,0
15:18:33,7,b'',864862500,0,0,0,0.0,0,0,0,14,0,0,0
15:18:35,7,b'',865062500,0,0,0,0.0,0,0,0,14,0,0,0
15:18:37,7,b'',865402500,0,0,0,0.0,0,0,0,14,0,0,0
15:18:39,7,b'',865602500,0,0,0,0.0,0,0,0,14,0,0,0
15:18:41,7,b'',865985000,0,0,0,0.0,0,0,0,14,0,0,0
15:18:42,7,b'',866200000,0,0,0,0.0,0,0,0,14,0,0,0
15:18:44,7,b'',866400000,0,0,0,0.0,0,0,0,14,0,0,0
15:18:46,7,b'',866600000,0,0,0,0.0,0,0,0,14,0,0,0
15:18:48,7,b'',863000000,0,0,0,0.0,0,0,0,14,0,0,0
15:18:50,7,b'',864000000,0,0,0,0.0,0,0,0,14,0,0,0
15:18:51,7,b'',865000000,0,0,0,0.0,0,0,0,14,0,0,0
15:18:53,7,b'',866000000,0,0,0,0.0,0,0,0,14,0,0,0
15:18:55,7,b'',867000000,0,0,0,0.0,0,0,0,14,0,0,0
15:18:57,7,b'',868000000,0,0,0,0.0,0,0,0,14,0,0,0
15:18:59,7,b'',869000000,0,0,0,0.0,0,0,0,14,0,0,0
15:19:00,7,b'',864862500,0,0,0,0.0,0,0,0,14,0,0,0
15:19:02,7,b'',865062500,0,0,0,0.0,0,0,0,14,0,0,0
15:19:04,7,b'',865402500,0,0,0,0.0,0,0,0,14,0,0,0
15:19:06,7,b'',865602500,0,0,0,0.0,0,0,0,14,0,0,0
15:19:08,7,b'',865985000,0,0,0,0.0,0,0,0,14,0,0,0
15:19:09,7,b'',866200000,0,0,0,0.0,0,0,0,14,0,0,0
15:19:11,7,b'',866400000,0,0,0,0.0,0,0,0,14,0,0,0
15:19:13,7,b'',866600000,0,0,0,0.0,0,0,0,14,0,0,0
15:19:15,7,b'',863000000,0,0,0,0.0,0,0,0,14,0,0,0
15:19:17,7,b'',864000000,0,0,0,0.0,0,0,0,14,0,0,0
15:19:18,7,b'',865000000,0,0,0,0.0,0,0,0,14,0,0,0
15:19:20,7,b'',866000000,0,0,0,0.0,0,0,0,14,0,0,0
15:19:22,7,b'',867000000,0,0,0,0.0,0,0,0,14,0,0,0
15:19:24,7,b'',868000000,0,0,0,0.0,0,0,0,14,0,0,0
15:19:26,7,b'',869000000,0,0,0,0.0,0,0,0,14,0,0,0
15:19:27,7,b'',864862500,0,0,0,0.0,0,0,0,14,0,0,0
15:19:29,7,b'',865062500,0,0,0,0.0,0,0,0,14,0,0,0
15:19:31,7,b'',865402500,0,0,0,0.0,0,0,0,14,0,0,0
15:19:33,7,b'',865602500,0,0,0,0.0,0,0,0,14,0,0,0
15:19:35,7,b'',865985000,0,0,0,0.0,0,0,0,14,0,0,0
15:19:36,7,b'',866200000,0,0,0,0.0,0,0,0,14,0,0,0
15:19:38,7,b'',866400000,0,0,0,0.0,0,0,0,14,0,0,0
15:19:40,7,b'',866600000,0,0,0,0.0,0,0,0,14,0,0,0
15:19:42,7,b'',863000000,0,0,0,0.0,0,0,0,14,0,0,0
15:19:44,7,b'',864000000,0,0,0,0.0,0,0,0,14,0,0,0
15:19:45,7,b'',865000000,0,0,0,0.0,0,0,0,14,0,0,0
15:19:47,7,b'',866000000,0,0,0,0.0,0,0,0,14,0,0,0
15:19:49,7,b'',867000000,0,0,0,0.0,0,0,0,14,0,0,0
15:19:51,7,b'',868000000,0,0,0,0.0,0,0,0,14,0,0,0
15:19:53,7,b'',869000000,0,0,0,0.0,0,0,0,14,0,0,0
15:19:54,7,b'',864862500,0,0,0,0.0,0,0,0,14,0,0,0
15:19:56,7,b'',865062500,0,0,0,0.0,0,0,0,14,0,0,0
15:19:58,7,b'',865402500,0,0,0,0.0,0,0,0,14,0,0,0
15:20:00,7,b'',865602500,0,0,0,0.0,0,0,0,14,0,0,0
15:20:02,7,b'',865985000,0,0,0,0.0,0,0,0,14,0,0,0
15:20:03,7,b'',866200000,0,0,0,0.0,0,0,0,14,0,0,0
15:20:05,7,b'',866400000,0,0,0,0.0,0,0,0,14,0,0,0
15:20:07,7,b'',866600000,0,0,0,0.0,0,0,0,14,0,0,0
15:20:09,7,b'',863000000,0,0,0,0.0,0,0,0,14,0,0,0
15:20:11,7,b'',864000000,0,0,0,0.0,0,0,0,14,0,0,0
15:20:12,7,b'',865000000,0,0,0,0.0,0,0,0,14,0,0,0
15:20:14,7,b'',866000000,0,0,0,0.0,0,0,0,14,0,0,0
15:20:16,7,b'',867000000,0,0,0,0.0,0,0,0,14,0,0,0
15:20:18,7,b'',868000000,0,0,0,0.0,0,0,0,14,0,0,0
15:20:19,7,b'',869000000,0,0,0,0.0,0,0,0,14,0,0,0
15:20:20,7,b'',864862500,0,0,0,0.0,0,0,0,14,0,0,0
15:20:22,7,b'',865062500,0,0,0,0.0,0,0,0,14,0,0,0
15:20:25,7,b'',865402500,0,0,0,0.0,0,0,0,14,0,0,0
15:20:27,7,b'',865602500,0,0,0,0.0,0,0,0,14,0,0,0
15:20:29,7,b'',865985000,0,0,0,0.0,0,0,0,14,0,0,0
15:20:30,7,b'',866200000,0,0,0,0.0,0,0,0,14,0,0,0
15:20:32,7,b'',866400000,0,0,0,0.0,0,0,0,14,0,0,0
15:20:34,7,b'',866600000,0,0,0,0.0,0,0,0,14,0,0,0
15:20:36,7,b'',863000000,0,0,0,0.0,0,0,0,14,0,0,0
15:20:38,7,b'',864000000,0,0,0,0.0,0,0,0,14,0,0,0
15:20:39,7,b'',865000000,0,0,0,0.0,0,0,0,14,0,0,0
15:20:41,7,b'',866000000,0,0,0,0.0,0,0,0,14,0,0,0
15:20:43,7,b'',867000000,0,0,0,0.0,0,0,0,14,0,0,0
15:20:45,7,b'',868000000,0,0,0,0.0,0,0,0,14,0,0,0
15:20:47,7,b'',869000000,0,0,0,0.0,0,0,0,14,0,0,0
15:20:48,7,b'',864862500,0,0,0,0.0,0,0,0,14,0,0,0
15:20:50,7,b'',865062500,0,0,0,0.0,0,0,0,14,0,0,0
15:20:52,7,b'',865402500,0,0,0,0.0,0,0,0,14,0,0,0
15:20:54,7,b'',865602500,0,0,0,0.0,0,0,0,14,0,0,0
15:20:56,7,b'',865985000,0,0,0,0.0,0,0,0,14,0,0,0
15:20:57,7,b'',866200000,0,0,0,0.0,0,0,0,14,0,0,0
15:20:59,7,b'',866400000,0,0,0,0.0,0,0,0,14,0,0,0
15:21:01,7,b'',866600000,0,0,0,0.0,0,0,0,14,0,0,0
15:21:03,7,b'',863000000,0,0,0,0.0,0,0,0,14,0,0,0
15:21:05,7,b'',864000000,0,0,0,0.0,0,0,0,14,0,0,0
15:21:06,7,b'',865000000,0,0,0,0.0,0,0,0,14,0,0,0
15:21:08,7,b'',866000000,0,0,0,0.0,0,0,0,14,0,0,0
15:21:10,7,b'',867000000,0,0,0,0.0,0,0,0,14,0,0,0
15:21:12,7,b'',868000000,0,0,0,0.0,0,0,0,14,0,0,0
15:21:14,7,b'',869000000,0,0,0,0.0,0,0,0,14,0,0,0
15:21:15,7,b'',864862500,0,0,0,0.0,0,0,0,14,0,0,0
15:21:17,7,b'',865062500,0,0,0,0.0,0,0,0,14,0,0,0
15:21:19,7,b'',865402500,0,0,0,0.0,0,0,0,14,0,0,0
15:21:21,7,b'',865602500,0,0,0,0.0,0,0,0,14,0,0,0
15:21:23,7,b'',865985000,0,0,0,0.0,0,0,0,14,0,0,0
15:21:24,7,b'',866200000,0,0,0,0.0,0,0,0,14,0,0,0
15:21:26,7,b'',866400000,0,0,0,0.0,0,0,0,14,0,0,0
15:21:28,7,b'',866600000,0,0,0,0.0,0,0,0,14,0,0,0
15:21:30,7,b'',863000000,0,0,0,0.0,0,0,0,14,0,0,0
15:21:32,7,b'',864000000,0,0,0,0.0,0,0,0,14,0,0,0
15:21:33,7,b'',865000000,0,0,0,0.0,0,0,0,14,0,0,0
15:21:35,7,b'',866000000,0,0,0,0.0,0,0,0,14,0,0,0
15:21:37,7,b'',867000000,0,0,0,0.0,0,0,0,14,0,0,0
15:21:39,7,b'',868000000,0,0,0,0.0,0,0,0,14,0,0,0
15:21:41,7,b'',869000000,0,0,0,0.0,0,0,0,14,0,0,0
15:21:42,7,b'',864862500,0,0,0,0.0,0,0,0,14,0,0,0
15:21:44,7,b'',865062500,0,0,0,0.0,0,0,0,14,0,0,0
15:21:46,7,b'',865402500,0,0,0,0.0,0,0,0,14,0,0,0
15:21:48,7,b'',865602500,0,0,0,0.0,0,0,0,14,0,0,0
15:21:50,7,b'',865985000,0,0,0,0.0,0,0,0,14,0,0,0
15:21:51,7,b'',866200000,0,0,0,0.0,0,0,0,14,0,0,0
15:21:53,7,b'',866400000,0,0,0,0.0,0,0,0,14,0,0,0
15:21:55,7,b'',866600000,0,0,0,0.0,0,0,0,14,0,0,0
15:21:57,7,b'',863000000,0,0,0,0.0,0,0,0,14,0,0,0
15:21:59,7,b'',864000000,0,0,0,0.0,0,0,0,14,0,0,0
15:22:00,7,b'',865000000,0,0,0,0.0,0,0,0,14,0,0,0
15:22:02,7,b'',866000000,0,0,0,0.0,0,0,0,14,0,0,0
15:22:04,7,b'',867000000,0,0,0,0.0,0,0,0,14,0,0,0
15:22:06,7,b'',868000000,0,0,0,0.0,0,0,0,14,0,0,0
15:22:08,7,b'',869000000,0,0,0,0.0,0,0,0,14,0,0,0
15:22:09,7,b'',864862500,0,0,0,0.0,0,0,0,14,0,0,0
15:22:11,7,b'',865062500,0,0,0,0.0,0,0,0,14,0,0,0
15:22:13,7,b'',865402500,0,0,0,0.0,0,0,0,14,0,0,0
15:22:15,7,b'',865602500,0,0,0,0.0,0,0,0,14,0,0,0
15:22:17,7,b'',865985000,0,0,0,0.0,0,0,0,14,0,0,0
15:22:18,7,b'',866200000,0,0,0,0.0,0,0,0,14,0,0,0
15:22:20,7,b'',866400000,0,0,0,0.0,0,0,0,14,0,0,0
15:22:22,7,b'',866600000,0,0,0,0.0,0,0,0,14,0,0,0
15:22:24,7,b'',863000000,0,0,0,0.0,0,0,0,14,0,0,0
15:22:26,7,b'',864000000,0,0,0,0.0,0,0,0,14,0,0,0
15:22:27,7,b'',865000000,0,0,0,0.0,0,0,0,14,0,0,0
15:22:29,7,b'',866000000,0,0,0,0.0,0,0,0,14,0,0,0
15:22:31,7,b'',867000000,0,0,0,0.0,0,0,0,14,0,0,0
15:22:33,7,b'',868000000,0,0,0,0.0,0,0,0,14,0,0,0
15:22:35,7,b'',869000000,0,0,0,0.0,0,0,0,14,0,0,0
15:22:36,7,b'',864862500,0,0,0,0.0,0,0,0,14,0,0,0
15:22:38,7,b'',865062500,0,0,0,0.0,0,0,0,14,0,0,0
15:22:40,7,b'',865402500,0,0,0,0.0,0,0,0,14,0,0,0
15:22:42,7,b'',865602500,0,0,0,0.0,0,0,0,14,0,0,0
15:22:44,7,b'',865985000,0,0,0,0.0,0,0,0,14,0,0,0
15:22:45,7,b'',866200000,0,0,0,0.0,0,0,0,14,0,0,0
15:22:47,7,b'',866400000,0,0,0,0.0,0,0,0,14,0,0,0
15:22:49,7,b'',866600000,0,0,0,0.0,0,0,0,14,0,0,0
15:22:51,7,b'',863000000,0,0,0,0.0,0,0,0,14,0,0,0
15:22:53,7,b'',864000000,0,0,0,0.0,0,0,0,14,0,0,0
15:22:54,7,b'',865000000,0,0,0,0.0,0,0,0,14,0,0,0
15:22:56,7,b'',866000000,0,0,0,0.0,0,0,0,14,0,0,0
15:22:58,7,b'',867000000,0,0,0,0.0,0,0,0,14,0,0,0
15:23:00,7,b'',868000000,0,0,0,0.0,0,0,0,14,0,0,0
15:23:02,7,b'',869000000,0,0,0,0.0,0,0,0,14,0,0,0
15:23:03,7,b'',864862500,0,0,0,0.0,0,0,0,14,0,0,0
15:23:05,7,b'',865062500,0,0,0,0.0,0,0,0,14,0,0,0
15:23:07,7,b'',865402500,0,0,0,0.0,0,0,0,14,0,0,0
15:23:09,7,b'',865602500,0,0,0,0.0,0,0,0,14,0,0,0
15:23:11,7,b'',865985000,0,0,0,0.0,0,0,0,14,0,0,0
15:23:12,7,b'',866200000,0,0,0,0.0,0,0,0,14,0,0,0
15:23:14,7,b'',866400000,0,0,0,0.0,0,0,0,14,0,0,0
15:23:16,7,b'',866600000,0,0,0,0.0,0,0,0,14,0,0,0
15:23:18,7,b'',863000000,0,0,0,0.0,0,0,0,14,0,0,0
15:23:20,7,b'',864000000,0,0,0,0.0,0,0,0,14,0,0,0
15:23:21,7,b'',865000000,0,0,0,0.0,0,0,0,14,0,0,0
15:23:23,7,b'',866000000,0,0,0,0.0,0,0,0,14,0,0,0
15:23:25,7,b'',867000000,0,0,0,0.0,0,0,0,14,0,0,0
15:23:27,7,b'',868000000,0,0,0,0.0,0,0,0,14,0,0,0
15:23:29,7,b'',869000000,0,0,0,0.0,0,0,0,14,0,0,0
15:23:30,7,b'',864862500,0,0,0,0.0,0,0,0,14,0,0,0
15:23:32,7,b'',865062500,0,0,0,0.0,0,0,0,14,0,0,0
15:23:34,7,b'',865402500,0,0,0,0.0,0,0,0,14,0,0,0
15:23:36,7,b'',865602500,0,0,0,0.0,0,0,0,14,0,0,0
15:23:38,7,b'',865985000,0,0,0,0.0,0,0,0,14,0,0,0
15:23:39,7,b'',866200000,0,0,0,0.0,0,0,0,14,0,0,0
15:23:41,7,b'',866400000,0,0,0,0.0,0,0,0,14,0,0,0
15:23:43,7,b'',866600000,0,0,0,0.0,0,0,0,14,0,0,0
15:23:45,7,b'',863000000,0,0,0,0.0,0,0,0,14,0,0,0
15:23:47,7,b'',864000000,0,0,0,0.0,0,0,0,14,0,0,0
15:23:48,7,b'',865000000,0,0,0,0.0,0,0,0,14,0,0,0
15:23:50,7,b'',866000000,0,0,0,0.0,0,0,0,14,0,0,0
15:23:52,7,b'',867000000,0,0,0,0.0,0,0,0,14,0,0,0
15:23:54,7,b'',868000000,0,0,0,0.0,0,0,0,14,0,0,0
15:23:56,7,b'',869000000,0,0,0,0.0,0,0,0,14,0,0,0
15:23:57,7,b'',864862500,0,0,0,0.0,0,0,0,14,0,0,0
15:23:59,7,b'',865062500,0,0,0,0.0,0,0,0,14,0,0,0
15:24:01,7,b'',865402500,0,0,0,0.0,0,0,0,14,0,0,0
15:24:03,7,b'',865602500,0,0,0,0.0,0,0,0,14,0,0,0
15:24:05,7,b'',865985000,0,0,0,0.0,0,0,0,14,0,0,0
15:24:06,7,b'',866200000,0,0,0,0.0,0,0,0,14,0,0,0
15:24:08,7,b'',866400000,0,0,0,0.0,0,0,0,14,0,0,0
15:24:10,7,b'',866600000,0,0,0,0.0,0,0,0,14,0,0,0
15:24:12,7,b'',863000000,0,0,0,0.0,0,0,0,14,0,0,0
15:24:14,7,b'',864000000,0,0,0,0.0,0,0,0,14,0,0,0
15:24:15,7,b'',865000000,0,0,0,0.0,0,0,0,14,0,0,0
15:24:17,7,b'',866000000,0,0,0,0.0,0,0,0,14,0,0,0
15:24:19,7,b'',867000000,0,0,0,0.0,0,0,0,14,0,0,0
15:24:21,7,b'',868000000,0,0,0,0.0,0,0,0,14,0,0,0
15:24:23,7,b'',869000000,0,0,0,0.0,0,0,0,14,0,0,0
15:24:24,7,b'',864862500,0,0,0,0.0,0,0,0,14,0,0,0
15:24:26,7,b'',865062500,0,0,0,0.0,0,0,0,14,0,0,0
15:24:28,7,b'',865402500,0,0,0,0.0,0,0,0,14,0,0,0
15:24:30,7,b'',865602500,0,0,0,0.0,0,0,0,14,0,0,0
15:24:32,7,b'',865985000,0,0,0,0.0,0,0,0,14,0,0,0
