Time,Acceleration,Roll,battery_voltage,battery_percentage,Pitch
09:22:00,"(-0.5214844, -0.3178711, 0.8162842)",33.44169,4.521111,85.44443,17.87111
09:22:01,"(-0.5421143, -0.336792, 0.7838135)",35.03571,4.516094,84.94266,19.38303
09:22:02,"(-0.6203613, -0.2862549, 0.7645264)",39.05699,4.521111,85.44443,16.21155
09:22:03,"(-0.5699463, -0.3135986, 0.7355957)",37.66175,4.526129,85.94621,18.49335
09:22:03,"(-0.6363525, -0.3410645, 0.7835693)",39.08075,4.516094,84.94266,18.66919
09:22:04,"(-0.6263428, -0.3011475, 0.7399902)",40.24526,4.526129,85.94621,17.25625
09:22:05,"(-0.6290283, -0.3242188, 0.762085)",39.53642,4.516094,84.94266,18.16493
09:22:06,"(-0.602417, -0.3265381, 0.6904297)",41.1055,4.526129,85.94621,19.6144
09:22:07,"(-0.6171875, -0.3052979, 0.7547607)",39.27376,4.521111,85.44443,17.7145
09:22:08,"(-0.5957031, -0.3521729, 0.7814941)",37.31689,4.526129,85.94621,19.71727
09:22:09,"(-0.6092529, -0.3441162, 0.7449951)",39.27611,4.521111,85.44443,20.06958
09:22:09,"(-0.6848145, -0.3334961, 0.7890625)",42.14461,4.521111,85.44443,18.74585
09:22:10,"(-0.3077393, -0.2596436, 0.8929443)",19.01571,4.521111,85.44443,15.67911
09:22:11,"(-0.3540039, -0.2802734, 0.8687744)",22.16967,4.521111,85.44443,14.8579
09:22:12,"(-0.480957, -0.2479248, 0.8410645)",30.72883,4.521111,85.44443,15.21719
09:22:13,"(-0.451416, -0.2911377, 0.90979)",26.3895,4.521111,85.44443,16.49268
09:22:13,"(-0.3865967, -0.2226563, 0.9625244)",22.90757,4.521111,85.44443,12.55251
09:22:15,"(-0.3917236, -0.2150879, 0.921875)",23.81379,4.521111,85.44443,12.04907
09:22:15,"(-0.3977051, -0.2602539, 0.9589844)",21.93069,4.521111,85.44443,12.33315
09:22:16,"(-0.4946289, -0.2058105, 0.9230957)",26.69825,4.516094,84.94266,11.49279
09:22:17,"(-0.6022949, -0.473877, 0.6922607)",41.02459,4.526129,85.94621,17.74039
09:22:18,"(-0.6049805, -0.1015625, 0.8474121)",34.68957,4.521111,85.44443,6.131764
09:22:19,"(-0.5821533, -0.1118164, 0.8519287)",34.34619,4.521111,85.44443,6.184807
09:22:20,"(-0.5528564, -0.1885986, 0.8431396)",31.76656,4.521111,85.44443,9.831064
09:22:21,"(-0.4020996, -0.260376, 0.8338623)",25.74399,4.516094,84.94266,15.70917
09:22:22,"(-0.4869385, -0.2470703, 0.77771)",32.05144,4.521111,85.44443,15.01692
09:22:22,"(-0.2558594, -0.3619385, 0.9884033)",14.51309,4.516094,84.94266,19.51943
09:22:23,"(-0.3786621, -0.2885742, 0.887085)",23.11575,4.526129,85.94621,16.65658
09:22:24,"(-0.3493652, -0.3771973, 0.833374)",22.7443,4.521111,85.44443,22.57802
09:22:25,"(-0.4100342, -0.3693848, 0.923584)",23.9393,4.526129,85.94621,20.07948
09:22:26,"(-0.2219238, -0.392334, 0.7518311)",16.44543,4.521111,85.44443,28.04021
09:22:27,"(-0.2471924, -0.458374, 0.9310303)",14.69607,4.50104,83.43722,23.09773
09:22:28,"(-0.1848145, -0.4746094, 0.706543)",14.65875,4.521111,85.44443,30.39225
09:22:28,"(-0.3139648, -0.3416748, 0.8817139)",18.97568,4.521111,85.44443,18.02625
09:22:29,"(-0.2796631, -0.2585449, 0.8726807)",17.76881,4.521111,85.44443,15.75546
09:22:30,"(-0.3218994, -0.3721924, 0.9284668)",18.43495,4.526129,85.94621,20.46619
09:22:31,"(-0.3946533, -0.3276367, 0.944458)",22.67821,4.521111,85.44443,17.74901
09:22:32,"(-0.3858643, -0.4287109, 0.9260254)",22.62094,4.516094,84.94266,23.13908
09:22:33,"(-0.4228516, -0.105835, 0.8931885)",25.33372,4.521111,85.44443,6.112849
09:22:34,"(-0.2807617, -0.2340088, 0.9588623)",16.32041,4.526129,85.94621,14.20655
09:22:34,"(-0.3591309, -0.2127686, 0.880127)",22.23941,4.526129,85.94621,12.02167
09:22:35,"(-0.454834, -0.1936035, 0.9178467)",26.36047,4.521111,85.44443,10.70261
09:22:36,"(-0.3497314, -0.1975098, 0.9331055)",20.54619,4.526129,85.94621,11.75308
09:22:37,"(-0.4138184, -0.2271729, 0.8919678)",24.6864,4.521111,85.44443,14.11682
09:22:38,"(-0.3980713, -0.2443848, 0.9016113)",24.04253,4.521111,85.44443,14.60304
09:22:39,"(-0.25, -0.07727051, 0.9217529)",15.66842,4.526129,85.94621,8.863699
09:22:40,"(-0.002075195, -0.3460693, 0.8696289)",0.1367247,4.516094,84.94266,22.90871
09:22:41,"(-0.1159668, -0.3760986, 0.8226318)",8.020614,4.516094,84.94266,24.27625
09:22:41,"(-0.2697754, -0.4606934, 0.9122314)",18.36592,4.506058,83.93905,25.60813
09:22:42,"(-0.1728516, -0.1221924, 0.9661865)",8.912983,4.521111,85.44443,4.250312
09:22:43,"(-0.2230225, -0.2629395, 0.9576416)",13.21578,4.526129,85.94621,16.16324
09:22:44,"(-0.3671875, -0.3082275, 0.8706055)",22.86812,4.521111,85.44443,18.06691
09:22:45,"(-0.1276855, -0.3643799, 0.871582)",4.985028,4.521111,85.44443,22.53594
09:22:46,"(-0.2460938, -0.1569824, 0.8319092)",16.47917,4.521111,85.44443,10.25669
09:22:47,"(-0.2564697, -0.004516602, 0.6390381)",21.86743,4.526129,85.94621,0.321323
09:22:48,"(-0.2504883, 1.09668, 2.607666)",5.486907,4.521111,85.44443,-22.71579
09:22:48,"(-1.482422, -1.457886, 0.6834717)",65.2479,4.521111,85.44443,41.19056
09:22:49,"(-0.1114502, -0.06445313, 0.8283691)",7.662657,4.521111,85.44443,4.409492
09:22:50,"(-0.4368896, 0.1239014, 0.4873047)",41.87759,4.521111,85.44443,-31.37602
09:22:51,"(-0.1861572, -0.4276123, 1.299072)",27.75703,4.516094,84.94266,31.37837
09:22:52,"(-0.184082, -0.07666016, 0.7789307)",13.29656,4.526129,85.94621,5.471036
09:22:53,"(-0.2224121, 0.1721191, 1.213257)",12.30789,4.526129,85.94621,-7.203724
09:22:54,"(-0.1760254, 0.1496582, 0.7485352)",13.23323,4.526129,85.94621,-11.01355
09:22:54,"(-0.4173584, -0.2563477, 0.973999)",23.19512,4.521111,85.44443,13.59953
09:22:55,"(-2.194946, -1.43396, 0.9796143)",65.94858,4.526129,85.94621,30.81951
09:22:56,"(-0.0411377, 0.0078125, 0.6665039)",3.531907,4.526129,85.94621,-0.6130218
09:22:57,"(-0.199585, 0.2097168, 1.069336)",10.57226,4.516094,84.94266,-10.91214
09:22:58,"(-0.3535156, -0.1164551, 0.8729248)",22.04688,4.521111,85.44443,7.048998
09:22:59,"(-0.3205566, 0.008666992, 0.8457031)",18.70303,4.531147,86.44797,-9.79158
09:23:00,"(-0.6773682, -0.2662354, 0.8547363)",38.39639,4.526129,85.94621,10.784
09:23:01,"(-0.661377, 0.1113281, 0.7375488)",40.14458,4.531147,86.44797,-8.074833
09:23:01,"(-0.588501, 0.0213623, 0.973877)",31.14401,4.526129,85.94621,-1.075532
09:23:02,"(-0.3334961, -0.09289551, 0.8743896)",23.14167,4.531147,86.44797,9.442201
09:23:03,"(-0.4082031, 0.2103271, 0.9544678)",23.15524,4.526129,85.94621,-11.4536
09:23:04,"(-0.4552002, 0.1052246, 1.006104)",24.34384,4.531147,86.44797,-1.191592
09:23:05,"(-0.378418, -0.2225342, 0.9335938)",22.06442,4.526129,85.94621,12.45691
09:23:06,"(-0.5323486, 0.02380371, 0.8967285)",30.69576,4.526129,85.94621,-0.8997257
09:23:07,"(-0.2510986, -0.1008301, 0.9310303)",15.01436,4.526129,85.94621,8.566941
09:23:07,"(-0.3353271, -0.1665039, 1.065918)",17.46305,4.526129,85.94621,4.160748
09:23:08,"(-0.28125, -0.1151123, 0.9362793)",15.09125,4.531147,86.44797,6.281361
09:23:09,"(-0.4063721, -0.0378418, 0.9383545)",23.41593,4.526129,85.94621,2.119354
09:23:10,"(-0.4343262, -0.08813477, 0.9073486)",25.66551,4.526129,85.94621,4.92601
09:23:11,"(-0.4104004, -0.08007813, 0.9267578)",23.88542,4.526129,85.94621,4.517362
09:23:11,"(-0.4169922, -0.03527832, 0.9338379)",24.06248,4.531147,86.44797,1.823756
09:23:13,"(-0.40979, -0.04846191, 0.9302979)",23.77317,4.521111,85.44443,2.72938
09:23:14,"(-0.4364014, -0.04174805, 0.9335938)",25.05338,4.531147,86.44797,2.319866
09:23:14,"(-0.4226074, -0.05615234, 0.9228516)",24.60477,4.526129,85.94621,3.166476
09:23:15,"(-0.4134521, -0.04675293, 0.9204102)",24.18982,4.526129,85.94621,2.719388
09:23:16,"(-0.43396, -0.05859375, 0.9240723)",25.15554,4.526129,85.94621,3.284852
09:23:17,"(-0.4299316, -0.03735352, 0.9232178)",24.95925,4.531147,86.44797,2.028004
09:23:18,"(-0.3748779, -0.07495117, 0.944458)",22.37492,4.526129,85.94621,4.013136
09:23:19,"(-0.4576416, -0.105957, 0.9468994)",25.79473,4.521111,85.44443,5.75309
09:23:20,"(-0.4440918, -0.07104492, 0.9082031)",26.05764,4.531147,86.44797,4.019815
09:23:20,"(-0.4362793, -0.06311035, 0.9188232)",25.39949,4.521111,85.44443,3.553543
09:23:21,"(-0.4091797, -0.06896973, 0.9200439)",23.8195,4.531147,86.44797,3.479825
09:23:22,"(-0.4290771, -0.05371094, 0.9210205)",24.97947,4.526129,85.94621,3.005019
09:23:23,"(-0.4451904, -0.05639648, 0.9003906)",25.74558,4.536165,86.94976,3.158586
09:23:24,"(-0.446167, -0.05078125, 0.9200439)",25.87065,4.526129,85.94621,2.843137
09:23:25,"(-0.425293, -0.04504395, 0.918335)",24.94973,4.526129,85.94621,2.422328
09:23:26,"(-0.4354248, -0.05029297, 0.9221191)",25.27669,4.531147,86.44797,2.823466
09:23:27,"(-0.2109375, 0.04016113, 0.7225342)",16.2747,4.526129,85.94621,2.710569
09:23:27,"(-0.4123535, -0.0793457, 0.9499512)",23.46463,4.521111,85.44443,4.381384
09:23:28,"(-0.4157715, 0.02624512, 0.9353027)",25.02067,4.521111,85.44443,-2.353886
09:23:29,"(-0.404541, -0.1329346, 0.9232178)",23.66235,4.526129,85.94621,7.513076
09:23:30,"(-0.4318848, -0.1226807, 0.9282227)",24.79434,4.521111,85.44443,6.636878
09:23:31,"(-0.4459229, -0.06347656, 0.8928223)",26.53998,4.526129,85.94621,3.639371
09:23:32,"(-0.6057129, 0.07971191, 0.9173584)",33.43596,4.531147,86.44797,-4.14739
09:23:33,"(-0.3438721, -0.06311035, 0.9945068)",19.07392,4.521111,85.44443,3.639204
09:23:34,"(-0.03540039, -0.2023926, 1.07605)",1.883196,4.531147,86.44797,12.69056
09:23:34,"(-0.8955078, -0.2097168, 0.734375)",50.646,4.526129,85.94621,10.2735
09:23:35,"(-0.4285889, -0.4093018, 0.8743896)",15.48904,4.526129,85.94621,16.16109
09:23:36,"(-0.2821045, -0.5714111, 0.8369141)",18.62778,4.526129,85.94621,32.90256
09:23:37,"(-0.5762939, -0.1213379, 0.7230225)",38.55702,4.531147,86.44797,7.476403
09:23:38,"(-0.3769531, -0.4677734, 1.000366)",20.64717,4.526129,85.94621,23.57879
09:23:39,"(-0.3529053, -0.08361816, 0.7258301)",27.95065,4.526129,85.94621,10.56234
09:23:40,"(-0.4664307, -0.2800293, 0.942627)",26.69156,4.521111,85.44443,14.13309
09:23:40,"(-0.3631592, -0.1467285, 0.7285156)",26.49588,4.531147,86.44797,10.21801
09:23:41,"(-0.6090088, -0.175293, 0.8360596)",36.07062,4.526129,85.94621,13.55889
09:23:42,"(-0.9744873, -0.59729, 0.7529297)",52.30882,4.531147,86.44797,25.87433
09:23:43,"(-0.1574707, -0.06359863, 1.005493)",12.04,4.516094,84.94266,7.202314
09:23:44,"(-0.2266846, -0.2080078, 0.8909912)",14.27426,4.526129,85.94621,12.74848
09:23:45,"(-0.5993652, 0.3106689, 1.071533)",31.51819,4.526129,85.94621,-13.88285
09:23:46,"(-0.4371338, -0.1896973, 0.7929688)",28.86629,4.526129,85.94621,11.83235
09:23:47,"(-0.3441162, 0.1192627, 1.184448)",15.32613,4.521111,85.44443,-7.825854
09:23:47,"(-0.4781494, -0.06494141, 0.713501)",33.82784,4.531147,86.44797,-5.101759
09:23:48,"(-0.4440918, -0.6702881, 0.9973145)",24.00282,4.531147,86.44797,31.54885
09:23:49,"(-0.310791, 0.07519531, 0.9261475)",18.55041,4.531147,86.44797,-4.401556
09:23:50,"(0.03930664, -0.04431152, 0.6815186)",-3.300882,4.526129,85.94621,3.713912
09:23:51,"(-0.1767578, -0.001953125, 0.861084)",11.43766,4.526129,85.94621,9.387251
09:23:52,"(-0.4130859, 0.2687988, 1.115845)",20.31456,4.526129,85.94621,-10.01733
09:23:53,"(-1.439209, -0.8128662, 0.9041748)",57.86114,4.521111,85.44443,25.55952
09:23:53,"(-0.07714844, 0.05615234, 0.6766357)",6.504642,4.526129,85.94621,-4.713566
09:23:54,"(-0.796875, -0.2648926, 1.470581)",28.45227,4.516094,84.94266,8.999246
09:23:55,"(-0.1837158, 0.01452637, 0.5418701)",18.72873,4.526129,85.94621,-5.938071
09:23:56,"(-0.3254395, 0.6271973, 0.9368896)",33.57499,4.521111,85.44443,-14.96546
09:23:57,"(-0.3657227, -0.1793213, 1.343628)",14.17214,4.526129,85.94621,4.664011
09:23:58,"(-0.3110352, -0.1791992, 0.8947754)",19.16809,4.526129,85.94621,10.71204
09:23:59,"(-0.4302979, 0.310791, 0.6767578)",32.44912,4.526129,85.94621,-23.43393
09:23:59,"(-0.5020752, -0.1051025, 0.8546143)",30.4337,4.531147,86.44797,6.052876
09:24:00,"(-0.1046143, -0.4926758, 0.7938232)",8.349085,4.526129,85.94621,33.2501
09:24:01,"(-0.4205322, -0.2923584, 0.8687744)",25.82941,4.526129,85.94621,16.85148
09:24:02,"(-0.2181396, -0.1491699, 0.8151855)",14.98107,4.531147,86.44797,10.02458
09:24:03,"(-0.2989502, 0.009277344, 0.7143555)",22.70879,4.526129,85.94621,-5.156111
09:24:04,"(-0.8894043, -0.4404297, 1.054077)",40.15685,4.526129,85.94621,17.71053
09:24:05,"(-0.1634521, -0.01281738, 0.3651123)",24.11693,4.531147,86.44797,1.835191
09:24:06,"(-0.5112305, 0.08984375, 1.074829)",25.43757,4.531147,86.44797,-5.556821
09:24:06,"(-0.1335449, -0.4837646, 1.396362)",9.416018,4.516094,84.94266,18.86933
09:24:07,"(-0.3022461, -0.02954102, 0.8457031)",16.9598,4.526129,85.94621,7.357617
09:24:08,"(-0.03442383, 0.1134033, 0.7658691)",2.573564,4.526129,85.94621,-8.414292
09:24:09,"(-0.6096191, -0.07910156, 1.48645)",22.29939,4.536165,86.94976,2.8187
09:24:10,"(-0.1690674, 0.1547852, 0.8027344)",10.03345,4.521111,85.44443,-8.461158
09:24:11,"(-0.5090332, -0.08447266, 0.5308838)",43.79629,4.516094,84.94266,6.551798
09:24:12,"(-0.3511963, -0.4442139, 1.312378)",14.98149,4.526129,85.94621,18.10645
09:24:13,"(-0.1817627, -0.5397949, 1.145874)",9.013369,4.531147,86.44797,36.8665
09:24:13,"(0.005493164, -0.1934814, 0.994751)",-0.3163927,4.526129,85.94621,11.00658
09:24:14,"(-0.06347656, 0.05981445, 0.397583)",3.864278,4.526129,85.94621,-8.536546
09:24:15,"(-0.4307861, -0.07873535, 1.12085)",21.02371,4.526129,85.94621,-1.492939
09:24:16,"(-0.6141357, -0.1074219, 0.8820801)",34.84702,4.526129,85.94621,5.707445
09:24:17,"(-0.4693604, -0.2108154, 0.6009521)",34.10701,4.526129,85.94621,16.19654
09:24:18,"(-0.3717041, -0.7078857, 1.058838)",19.34358,4.526129,85.94621,21.27782
09:24:19,"(-0.24646, -0.1555176, 1.468384)",9.527963,4.526129,85.94621,5.962903
09:24:20,"(-0.05200195, -0.04284668, 0.5080566)",8.822697,4.526129,85.94621,4.763826
09:24:20,"(-0.163208, 0.1165771, 1.076172)",8.623541,4.531147,86.44797,-8.706264
09:24:22,"(-0.119873, -0.08886719, 1.002441)",8.707212,4.531147,86.44797,4.022935
09:24:22,"(-0.3372803, -0.119873, 1.687012)",11.30595,4.531147,86.44797,3.985786
09:24:23,"(-1.750977, -1.297974, 1.246582)",54.94594,4.526129,85.94621,30.88057
09:24:24,"(-0.1536865, 0.05969238, 0.3994141)",16.48281,4.526129,85.94621,-14.54
09:24:25,"(-0.4174805, -0.06079102, 0.6168213)",36.28506,4.531147,86.44797,9.816364
09:24:26,"(-0.4154053, -0.2312012, 1.562134)",14.89156,4.526129,85.94621,8.139953
09:24:27,"(-0.6273193, -0.7889404, 1.255249)",26.55391,4.531147,86.44797,29.34529
09:24:28,"(-0.2203369, -0.2536621, 0.5646973)",21.31503,4.541183,87.45158,22.70799
09:24:29,"(-0.03308105, 0.04919434, 0.7814941)",5.899314,4.531147,86.44797,0.4565846
09:24:29,"(-0.7281494, -0.1164551, 1.208618)",25.09043,4.526129,85.94621,-3.41994
09:24:30,"(-0.1574707, 0.2167969, 0.6636963)",13.34737,4.531147,86.44797,-16.77292
09:24:31,"(-0.539917, 0.1693115, 1.130493)",25.52887,4.526129,85.94621,-7.696648
09:24:32,"(-0.09655762, -0.2470703, 1.686035)",3.277694,4.531147,86.44797,8.323298
09:24:33,"(-0.5001221, -0.3685303, 0.836792)",30.86532,4.531147,86.44797,20.70839
09:24:34,"(-0.0513916, 0.0300293, 0.505127)",5.809282,4.531147,86.44797,1.40954
09:24:35,"(-0.4139404, 0.1380615, 0.6862793)",24.93384,4.531147,86.44797,-11.52418
09:24:36,"(-3.676514, -1.482178, 1.212891)",71.74215,4.526129,85.94621,21.38112
09:24:36,"(-0.4508057, -0.4072266, 1.01416)",23.96569,4.531147,86.44797,20.14927
09:24:37,"(-0.62854, -1.285767, 1.362183)",24.7696,4.526129,85.94621,40.59865
09:24:38,"(-0.1895752, -0.1157227, 0.9914551)",9.829924,4.531147,86.44797,8.065386
09:24:39,"(-0.008666992, 0.05493164, 0.3709717)",1.338355,4.526129,85.94621,-8.420605
09:24:40,"(-0.2835693, 0.321167, 1.11377)",14.2842,4.521111,85.44443,-15.61277
09:24:41,"(-2.073364, -0.776001, 1.366455)",62.67853,4.521111,85.44443,23.08262
09:24:42,"(-0.1965332, 0.05310059, 0.6086426)",17.89548,4.521111,85.44443,-4.745999
09:24:43,"(-0.4404297, -0.5301514, 1.059692)",22.56876,4.526129,85.94621,24.79579
09:24:43,"(-0.5349121, -0.01635742, 0.9412842)",29.62551,4.521111,85.44443,1.762766
09:24:44,"(-0.08312988, 0.09631348, 1.065063)",4.462977,4.526129,85.94621,-4.523588
09:24:45,"(-0.6365967, -0.2093506, 0.541748)",49.60199,4.521111,85.44443,10.84112
09:24:46,"(-0.3189697, 0.06152344, 0.6888428)",24.84657,4.526129,85.94621,-4.63352
09:24:47,"(-0.6009521, -0.7678223, 1.508179)",21.72541,4.521111,85.44443,21.42449
09:24:48,"(-0.1763916, -0.6224365, 1.245728)",8.453236,4.521111,85.44443,23.89425
09:24:49,"(-1.40979, -1.245361, 1.028931)",53.87628,4.526129,85.94621,35.50921
09:24:50,"(-0.01477051, -0.08300781, 0.4821777)",1.754588,4.521111,85.44443,9.763343
09:24:50,"(-0.3363037, 0.3157959, 0.868042)",21.00286,4.526129,85.94621,-16.51839
09:24:51,"(-2.964233, -0.5388184, 1.254517)",67.06105,4.521111,85.44443,9.972462
09:24:52,"(-0.05285645, -0.009033203, 0.6374512)",4.740032,4.526129,85.94621,0.8090972
09:24:53,"(-0.6022949, -0.0007324219, 0.552124)",47.4885,4.521111,85.44443,0.05136007
09:24:54,"(-0.4345703, 0.005859375, 1.188232)",20.0889,4.521111,85.44443,-8.201094
09:24:55,"(-0.4213867, -0.460083, 1.506592)",15.62606,4.526129,85.94621,13.31738
09:24:56,"(-0.01733398, -0.6539307, 1.035645)",0.9588921,4.521111,85.44443,32.26567
09:24:57,"(-1.140259, -1.279541, 1.213745)",29.15666,4.521111,85.44443,49.8757
09:24:57,"(-0.1619873, -0.2469482, 1.629517)",10.99427,4.526129,85.94621,18.46344
09:24:58,"(0.06628418, 0.1212158, 0.6263428)",-6.040974,4.526129,85.94621,-10.89366
09:24:59,"(-0.01550293, 0.09326172, 0.270752)",0.0662634,4.521111,85.44443,-16.83693
09:25:00,"(-0.112915, 0.166626, 0.6300049)",5.016206,4.521111,85.44443,-13.72136
09:25:01,"(-0.5142822, -0.1079102, 1.144043)",24.20537,4.521111,85.44443,0.7222431
09:25:02,"(-3.126709, -1.698486, 0.7960205)",75.71664,4.521111,85.44443,27.7635
09:25:03,"(-0.2244873, 0.1483154, 1.305786)",9.754782,4.521111,85.44443,-6.387159
09:25:04,"(-0.09155273, 0.07519531, 0.3421631)",9.052224,4.526129,85.94621,-13.83173
09:25:04,"(-0.1784668, -0.03857422, 0.248291)",35.70785,4.526129,85.94621,4.785283
09:25:05,"(-0.2648926, 0.0748291, 0.9962158)",14.89033,4.526129,85.94621,-20.49588
09:25:06,"(-0.3190918, -0.5644531, 1.802124)",10.04097,4.526129,85.94621,17.14071
09:25:07,"(-1.908203, -1.518799, 0.6303711)",71.71913,4.531147,86.44797,37.08056
09:25:08,"(-0.03820801, 0.1159668, 1.358765)",7.957873,4.526129,85.94621,6.098759
09:25:09,"(-0.01855469, 0.1102295, 0.6188965)",1.717229,4.526129,85.94621,-6.381978
09:25:10,"(-0.03283691, 0.03027344, 0.4819336)",3.897867,4.526129,85.94621,-1.940994
09:25:11,"(-0.08789063, -0.01806641, 0.3973389)",12.47288,4.516094,84.94266,2.541998
09:25:11,"(-0.1849365, 0.05224609, 1.043213)",7.726403,4.526129,85.94621,-1.591832
09:25:12,"(-1.354736, -1.14502, 0.6380615)",53.76288,4.521111,85.44443,26.93705
09:25:13,"(-0.2039795, 0.08740234, 0.7962646)",14.3685,4.526129,85.94621,-4.826698
09:25:14,"(-0.2885742, -0.100708, 0.4681396)",31.65083,4.526129,85.94621,10.3774
09:25:15,"(-0.2370605, 0.6217041, 1.313232)",10.23265,4.521111,85.44443,-24.98012
09:25:16,"(-0.8048096, -1.175293, 0.880249)",57.87993,4.526129,85.94621,55.03338
09:25:17,"(0.05505371, 0.1508789, 0.6171875)",-5.097347,4.526129,85.94621,-13.68494
09:25:18,"(0.05236816, -0.005371094, 0.2006836)",-14.62513,4.521111,85.44443,-2.258876
09:25:18,"(-0.3238525, 0.1473389, 1.383057)",13.17878,4.526129,85.94621,-5.921865
09:25:19,"(-1.360352, -0.1871338, 1.178711)",49.09188,4.521111,85.44443,3.280549
09:25:20,"(-0.3529053, 0.01635742, 1.314819)",15.02441,4.531147,86.44797,-0.688406
09:25:21,"(-0.1228027, 0.08203125, 0.4207764)",10.27705,4.521111,85.44443,-10.85882
09:25:22,"(-0.3203125, -0.03491211, 0.4476318)",35.58642,4.526129,85.94621,15.70375
09:25:23,"(-0.4318848, -0.3231201, 1.545044)",15.61723,4.526129,85.94621,8.007028
09:25:24,"(-1.437744, -1.292236, 1.145752)",51.44832,4.526129,85.94621,35.10334
09:25:25,"(0.02478027, 0.05029297, 0.7581787)",-1.15624,4.531147,86.44797,2.584309
09:25:25,"(0.01879883, 0.0637207, 0.3225098)",-3.335949,4.526129,85.94621,-10.12998
09:25:26,"(-0.3005371, 0.1560059, 0.80896)",20.38056,4.531147,86.44797,-10.24699
09:25:27,"(-1.199585, -0.1656494, 1.389526)",40.8042,4.526129,85.94621,5.156281
09:25:28,"(-0.1098633, 0.1611328, 0.6636963)",7.872375,4.526129,85.94621,-8.413418
09:25:29,"(-0.3433838, -0.104126, 0.4552002)",37.02936,4.526129,85.94621,10.34906
09:25:30,"(-0.2332764, 0.53125, 1.287842)",10.26709,4.526129,85.94621,-22.09255
09:25:31,"(-1.842163, -0.8619385, 1.333618)",20.21969,4.511075,84.44078,27.14485
09:25:31,"(-0.4489746, -0.430542, 1.925781)",13.12346,4.531147,86.44797,19.84435
09:25:32,"(0.08117676, 0.2480469, 0.7706299)",-6.013258,4.526129,85.94621,-13.17688
09:25:33,"(0.02026367, 0.1064453, 0.3265381)",-3.550997,4.526129,85.94621,-18.02258
09:25:34,"(-0.00390625, 0.04492188, 0.9710693)",0.2304783,4.526129,85.94621,-8.70416
09:25:35,"(-0.5820313, -0.4140625, 0.326416)",60.71533,4.531147,86.44797,21.03813
09:25:36,"(-1.104004, -0.449707, 1.523315)",35.93225,4.526129,85.94621,13.4437
09:25:37,"(-1.176514, -1.04541, 1.531372)",43.81754,4.531147,86.44797,19.9215
09:25:38,"(-0.154541, 0.1949463, 0.6907959)",13.41247,4.526129,85.94621,-13.86046
09:25:38,"(-0.3082275, -0.1072998, 0.4185791)",36.36668,4.531147,86.44797,15.52087
09:25:39,"(-0.4042969, 0.1606445, 1.731445)",13.14322,4.526129,85.94621,-5.162666
09:25:40,"(-0.5252686, -1.036133, 1.079956)",25.93734,4.526129,85.94621,40.78702
09:25:41,"(-0.04931641, 0.1141357, 1.109497)",1.68187,4.531147,86.44797,3.276068
09:25:42,"(0.02990723, 0.06311035, 0.2463379)",-6.922249,4.526129,85.94621,-14.26933
09:25:43,"(0.03466797, 0.1236572, 0.9239502)",-2.148814,4.531147,86.44797,-7.617607
09:25:44,"(-0.4527588, 0.2404785, 1.274414)",20.29313,4.526129,85.94621,-11.9012
09:25:45,"(-0.06262207, 0.08825684, 0.3594971)",9.881406,4.531147,86.44797,-16.13988
09:25:45,"(-0.1578369, -0.01501465, 0.3421631)",24.76347,4.526129,85.94621,-3.522623
09:25:46,"(-0.1688232, 0.1384277, 0.6228027)",15.16671,4.526129,85.94621,-12.10781
09:25:47,"(-0.1651611, -0.4122314, 1.322876)",7.116557,4.531147,86.44797,17.1825
09:25:48,"(-0.243042, -1.065552, 0.8925781)",10.39169,4.526129,85.94621,40.4762
09:25:49,"(-0.03649902, 0.05102539, 1.466797)",1.425425,4.531147,86.44797,6.910312
09:25:50,"(0.05456543, 0.1618652, 0.4787598)",-6.502084,4.531147,86.44797,-19.94373
09:25:51,"(0.01330566, 0.1485596, 0.5338135)",-1.427841,4.526129,85.94621,-15.54722
09:25:52,"(-0.3721924, -0.0123291, 0.5906982)",22.93132,4.531147,86.44797,-2.075239
09:25:52,"(-1.377075, -0.1396484, 1.520264)",42.17071,4.526129,85.94621,12.9004
09:25:53,"(-0.3914795, 0.0007324219, 1.28125)",16.99027,4.531147,86.44797,-0.0313234
09:25:54,"(-0.1722412, -0.05847168, 0.2880859)",30.03872,4.526129,85.94621,7.258185
09:25:55,"(-0.1794434, 0.05200195, 0.1970215)",42.32665,4.526129,85.94621,-2.5677
09:25:56,"(-0.2498779, -0.0006103516, 0.7264404)",26.01061,4.531147,86.44797,-13.76274
09:25:57,"(-0.1611328, -0.4503174, 1.690918)",5.443455,4.531147,86.44797,12.77211
09:25:58,"(-0.1968994, -1.000977, 1.077759)",10.35338,4.531147,86.44797,40.00097
09:25:59,"(-0.1004639, -0.2415771, 1.698486)",10.73547,4.536165,86.94976,7.955082
09:25:59,"(0.07580566, 0.05065918, 0.3009033)",-10.77865,4.531147,86.44797,-11.47825
09:26:00,"(0.01037598, 0.04089355, 0.7456055)",-1.3304,4.531147,86.44797,-8.727375
09:26:01,"(-0.34729, -0.09228516, 0.383667)",42.15095,4.526129,85.94621,8.866908
09:26:02,"(-1.25293, -0.2800293, 1.204468)",46.12978,4.521111,85.44443,9.153025
09:26:03,"(-0.4821777, 0.170166, 1.208862)",21.74553,4.531147,86.44797,-7.449072
09:26:04,"(-0.1397705, 0.0111084, 0.4073486)",15.48716,4.531147,86.44797,-6.826303
09:26:05,"(-0.2741699, -0.06591797, 0.4331055)",38.33008,4.531147,86.44797,8.419863
09:26:06,"(-0.2663574, 0.3990479, 1.43811)",10.49304,4.526129,85.94621,-19.59169
09:26:06,"(-0.265625, -1.196167, 0.7653809)",19.1393,4.531147,86.44797,55.89023
09:26:07,"(-0.5997314, -0.6970215, 1.384399)",23.42259,4.531147,86.44797,24.7967
09:26:08,"(0.06188965, 0.1524658, 0.5123291)",-7.017554,4.526129,85.94621,-17.19581
09:26:09,"(-0.01049805, 0.02600098, 0.2264404)",2.654399,4.526129,85.94621,-7.939984
09:26:10,"(-0.30896, 0.0324707, 0.5793457)",28.07061,4.531147,86.44797,-9.538538
09:26:11,"(-0.7781982, -0.2976074, 0.9332275)",39.82399,4.526129,85.94621,13.76203
09:26:12,"(-0.5148926, 0.4510498, 1.899658)",41.79649,4.516094,84.94266,14.83007
09:26:13,"(-0.1230469, 0.09606934, 0.4831543)",13.22497,4.531147,86.44797,-11.25579
09:26:13,"(-0.2950439, -0.09753418, 0.390625)",37.06421,4.521111,85.44443,9.005548
09:26:14,"(-0.4302979, 0.2515869, 1.268555)",18.7371,4.526129,85.94621,-10.63708
09:26:15,"(-0.350708, -0.7547607, 1.039063)",18.65075,4.531147,86.44797,34.53732
09:26:16,"(-3.515991, -1.433594, 1.035034)",62.2501,4.531147,86.44797,32.81821
09:26:17,"(0.09594727, 0.1507568, 0.5622559)",-9.83062,4.531147,86.44797,-15.57719
09:26:18,"(-0.1068115, 0.1813965, 0.9161377)",-3.007217,4.531147,86.44797,-17.4637
09:26:19,"(-0.4151611, 0.322998, 1.467285)",15.7986,4.526129,85.94621,-11.95948
09:26:19,"(-0.9550781, -0.5905762, 1.227173)",37.89274,4.526129,85.94621,20.79596
09:26:20,"(-0.1690674, 0.09960938, 1.12146)",8.573152,4.536165,86.94976,-5.019334
09:26:21,"(-0.1479492, 0.01928711, 0.3013916)",13.55197,4.531147,86.44797,-12.71392
09:26:22,"(-0.1031494, 0.4986572, 0.7515869)",7.814577,4.531147,86.44797,-34.90508
09:26:23,"(-0.3726807, -0.4556885, 1.543335)",13.57575,4.531147,86.44797,13.20583
09:26:24,"(-0.5412598, -1.324829, 0.6488037)",39.8363,4.531147,86.44797,57.47165
09:26:25,"(-0.2591553, -0.1746826, 1.531372)",9.605204,4.536165,86.94976,43.63336
09:26:26,"(-0.01062012, 0.0480957, 0.4780273)",1.272705,4.526129,85.94621,-5.74395
09:26:26,"(-0.1988525, 0.232666, 0.8261719)",11.02702,4.531147,86.44797,-18.71047
09:26:27,"(-0.5185547, -0.05419922, 0.7478027)",31.31593,4.531147,86.44797,3.543172
09:26:28,"(-1.029541, -0.2235107, 1.538452)",48.45715,4.531147,86.44797,10.2957
09:26:29,"(-0.2028809, 0.1398926, 0.6732178)",16.7707,4.536165,86.94976,-12.97735
09:26:30,"(-0.3209229, -0.1021729, 0.4915771)",33.13824,4.531147,86.44797,4.39619
09:26:31,"(-0.3693848, -0.5388184, 1.293823)",15.93397,4.531147,86.44797,21.82381
09:26:32,"(-1.544312, -1.410278, 0.5969238)",58.88359,4.531147,86.44797,50.68086
09:26:33,"(-0.3294678, -0.2662354, 1.264893)",14.59949,4.531147,86.44797,11.51277
09:26:34,"(0.005126953, 0.06555176, 0.4481201)",-4.29963,4.536165,86.94976,-7.856766
09:26:34,"(-0.1176758, 0.01818848, 1.490112)",4.515338,4.531147,86.44797,-1.473735
09:26:35,"(-0.4937744, 0.1652832, 1.452881)",18.77078,4.541183,87.45158,-6.015877
09:26:36,"(-0.1123047, 0.171875, 0.5882568)",10.80834,4.536165,86.94976,-16.01314
09:26:37,"(-0.2282715, 0.1671143, 0.3436279)",33.59602,4.531147,86.44797,-22.05226
09:26:38,"(-0.3980713, 0.002807617, 1.381836)",16.07032,4.531147,86.44797,-0.1118644
09:26:39,"(-0.7266846, -1.178101, 0.9864502)",92.73925,4.526129,85.94621,43.58644
09:26:40,"(-0.1513672, -0.1824951, 0.9337158)",9.208264,4.531147,86.44797,14.31142
09:26:40,"(-0.04626465, 0.05737305, 0.362793)",6.779692,4.526129,85.94621,-8.61127
09:26:41,"(-0.2148438, -0.02197266, 1.051636)",11.54635,4.531147,86.44797,-5.111341
09:26:42,"(-0.4835205, -0.05310059, 1.537964)",17.45263,4.521111,85.44443,1.886477
09:26:43,"(-0.112915, -0.005493164, 0.3835449)",16.40435,4.526129,85.94621,0.7871413
09:26:44,"(-0.3271484, -0.135376, 0.4594727)",35.45119,4.526129,85.94621,13.49634
09:26:45,"(-0.5303955, -0.114624, 1.607422)",18.26116,4.526129,85.94621,3.874039
09:26:46,"(-0.3858643, -0.9603271, 1.759521)",12.36919,4.531147,86.44797,28.06296
09:26:47,"(-0.1114502, -0.1505127, 1.001709)",9.538168,4.531147,86.44797,10.95521
09:26:48,"(-0.02160645, 0.03649902, 0.3424072)",3.610668,4.531147,86.44797,-6.072502
09:26:48,"(-0.321167, 0.008666992, 1.147705)",9.290287,4.526129,85.94621,-5.742171
09:26:49,"(-1.098755, -0.7792969, 0.5286865)",39.4664,4.531147,86.44797,23.19985
09:26:50,"(-0.0904541, 0.07434082, 0.8657227)",5.964844,4.526129,85.94621,-4.881585
09:26:51,"(-0.2440186, 0.0480957, 0.4228516)",35.73327,4.531147,86.44797,7.137694
09:26:52,"(-0.5377197, -0.1818848, 1.681519)",17.73335,4.531147,86.44797,-7.36737
09:26:53,"(-0.3126221, -0.814209, 1.615723)",20.42568,4.531147,86.44797,38.03056
09:26:54,"(-0.04077148, -0.02514648, 0.9401855)",1.782079,4.526129,85.94621,9.447667
09:26:55,"(-0.0078125, 0.04870605, 0.4437256)",1.00868,4.531147,86.44797,-6.228958
09:26:55,"(-0.3947754, -0.06774902, 0.9133301)",22.59787,4.526129,85.94621,-5.120954
09:26:56,"(-2.384033, -1.73645, 1.009277)",67.05469,4.526129,85.94621,36.80977
09:26:57,"(-0.1341553, 0.1055908, 0.6898193)",11.00544,4.526129,85.94621,-8.545062
09:26:58,"(-0.260498, 0.2271729, 0.6785889)",21.0009,4.531147,86.44797,9.297589
09:26:59,"(-0.6925049, -0.6209717, 1.253662)",28.91562,4.531147,86.44797,23.44036
09:27:00,"(-0.2427979, -0.2463379, 1.432861)",9.617395,4.521111,85.44443,9.620421
09:27:01,"(-0.01635742, 0.05114746, 0.4039307)",2.318961,4.531147,86.44797,-4.384315
09:27:02,"(-0.3374023, -0.0008544922, 0.7322998)",24.73758,4.526129,85.94621,0.06072106
09:27:02,"(-0.8408203, -0.6796875, 1.216064)",34.66104,4.531147,86.44797,20.56643
09:27:03,"(-0.1635742, 0.08032227, 0.7072754)",13.02206,4.531147,86.44797,-6.313822
09:27:04,"(-0.3413086, -0.1281738, 0.5297852)",32.79124,4.531147,86.44797,11.49618
09:27:05,"(-0.3774414, 0.01391602, 1.363159)",15.47673,4.531147,86.44797,-11.87345
09:27:06,"(-0.2679443, -0.6564941, 1.528198)",9.944784,4.531147,86.44797,22.93479
09:27:07,"(-0.1878662, -0.1710205, 0.9671631)",10.99251,4.531147,86.44797,9.847425
09:27:08,"(-0.006713867, 0.1109619, 0.5892334)",0.6528137,4.531147,86.44797,-12.17433
09:27:09,"(-0.7741699, -0.3687744, 1.138794)",34.20847,4.531147,86.44797,14.99233
09:27:09,"(-0.4019775, -0.1452637, 1.269531)",17.56959,4.531147,86.44797,6.225514
09:27:10,"(-0.2545166, 0.03564453, 0.5421143)",25.14953,4.531147,86.44797,-11.80222
09:27:11,"(-0.2384033, 0.6159668, 1.312866)",10.29219,4.526129,85.94621,-24.77936
09:27:12,"(-2.100342, -2.194214, 0.6308594)",73.28182,4.531147,86.44797,45.01534
09:27:13,"(-0.18396, -0.3990479, 0.9794922)",10.6369,4.536165,86.94976,24.0942
09:27:14,"(-0.04516602, -0.03210449, 0.4293213)",6.005614,4.536165,86.94976,4.253213
09:27:15,"(-0.359375, -0.2763672, 0.9375)",20.97349,4.531147,86.44797,15.39013
09:27:16,"(-0.9682617, -1.381226, 1.389038)",34.87933,4.536165,86.94976,37.59759
09:27:16,"(-0.1845703, 0.03723145, 0.387085)",25.49279,4.526129,85.94621,-6.893311
09:27:17,"(-0.3879395, 0.3907471, 0.7214355)",28.26837,4.531147,86.44797,-33.96864
09:27:18,"(-0.3688965, -0.08251953, 1.312134)",15.02891,4.531147,86.44797,-9.647807
09:27:19,"(-0.1729736, -0.5762939, 1.428101)",19.93726,4.536165,86.94976,33.13157
09:27:20,"(-0.2270508, 0.02453613, 1.108276)",11.57789,4.531147,86.44797,-1.242467
09:27:21,"(-0.06774902, 0.08886719, 0.5323486)",7.252725,4.531147,86.44797,-9.402766
09:27:22,"(-0.1494141, -0.1699219, 1.158081)",6.631682,4.531147,86.44797,8.29221
09:27:23,"(-1.676636, -1.387085, 0.989624)",59.44903,4.531147,86.44797,35.46813
09:27:24,"(-0.1334229, 0.1712646, 0.6265869)",12.02079,4.531147,86.44797,-14.96721
09:27:24,"(-0.1730957, -0.04260254, 0.3500977)",26.30877,4.531147,86.44797,6.225382
09:27:25,"(-0.2723389, 0.4122314, 1.570313)",9.838925,4.531147,86.44797,-14.7752
09:27:26,"(-2.698242, -2.183472, 0.5771484)",77.92648,4.531147,86.44797,38.35528
09:27:27,"(0.01281738, 0.1403809, 0.7213135)",-0.8041252,4.536165,86.94976,-6.644407
09:27:28,"(-0.04980469, 0.1541748, 0.4532471)",6.270741,4.546201,87.95336,-19.08585
09:27:29,"(-0.3040771, 0.2684326, 0.9771729)",11.38391,4.531147,86.44797,-19.11864
09:27:30,"(-2.485474, -1.867188, 0.7393799)",72.08069,4.536165,86.94976,28.91303
09:27:31,"(-0.1300049, 0.1558838, 0.9555664)",7.747527,4.536165,86.94976,-9.182054
09:27:31,"(-0.02819824, 0.2203369, 0.2722168)",5.91403,4.526129,85.94621,-38.83785
09:27:32,"(-0.1430664, -0.7755127, 1.849731)",4.422703,4.526129,85.94621,22.68534
09:27:33,"(-0.04040527, 0.05749512, 0.9979248)",2.318599,4.531147,86.44797,-3.294739
09:27:34,"(-0.006103516, 0.0480957, 0.2028809)",1.72318,4.526129,85.94621,-13.33074
09:27:35,"(-0.2196045, 0.2689209, 1.327515)",9.393105,4.526129,85.94621,-11.30214
09:27:36,"(-2.187134, -1.089355, 1.414795)",57.10231,4.521111,85.44443,33.24396
09:27:37,"(-0.1324463, 0.1431885, 0.6525879)",11.47266,4.521111,85.44443,-16.312
09:27:38,"(-0.09667969, 0.2374268, 0.3840332)",14.13048,4.526129,85.94621,-9.379443
09:27:38,"(-0.3214111, -0.3435059, 1.481812)",11.3906,4.526129,85.94621,5.174575
09:27:39,"(-0.2547607, -0.3074951, 1.48877)",14.20931,4.526129,85.94621,17.21752
09:27:40,"(-0.002075195, -0.006591797, 0.5356445)",0.2219743,4.526129,85.94621,0.7050576
09:27:41,"(-0.3068848, 0.4222412, 1.087646)",15.75667,4.526129,85.94621,-20.48709
09:27:42,"(-1.006104, -0.1077881, 1.248291)",38.86828,4.531147,86.44797,3.846216
09:27:43,"(-0.1867676, 0.1082764, 0.9968262)",10.61203,4.536165,86.94976,0.1039315
09:27:44,"(-0.1915283, -0.01940918, 0.40271)",25.4357,4.526129,85.94621,-4.43478
09:27:45,"(-0.1593018, 0.5131836, 0.8028564)",11.22279,4.521111,85.44443,-30.17171
09:27:45,"(-0.5645752, -0.3582764, 1.452271)",21.24376,4.521111,85.44443,12.94933
09:27:46,"(-0.1809082, -0.1162109, 1.205688)",9.996728,4.526129,85.94621,5.456363
09:27:47,"(-0.02966309, -0.03759766, 0.2445068)",6.917206,4.526129,85.94621,8.679205
09:27:48,"(-0.3310547, 0.05126953, 1.22937)",15.07155,4.531147,86.44797,-2.254087
09:27:49,"(-1.321411, -0.8189697, 0.7502441)",60.41383,4.531147,86.44797,23.62068
09:27:50,"(-0.09411621, 0.01489258, 0.4450684)",11.94013,4.531147,86.44797,-1.697428
09:27:51,"(-0.09960938, 0.3947754, 0.6131592)",16.69201,4.526129,85.94621,-25.69551
09:27:52,"(-0.3199463, -0.1419678, 1.632446)",11.41042,4.531147,86.44797,-2.077968
09:27:53,"(-0.430542, -0.8259277, 1.385986)",28.54005,4.531147,86.44797,27.63206
09:27:53,"(-0.0489502, -0.01550293, 0.6494141)",4.310571,4.531147,86.44797,1.197368
09:27:54,"(-0.02856445, 0.04138184, 0.7027588)",2.327573,4.521111,85.44443,-3.367187
09:27:55,"(-0.2355957, 0.1936035, 1.556396)",8.607661,4.531147,86.44797,-7.011655
09:27:56,"(-3.029541, -1.879639, 1.256958)",64.45857,4.521111,85.44443,28.66658
09:27:57,"(-0.0982666, 0.07446289, 0.5811768)",7.843788,4.526129,85.94621,-9.936969
09:27:58,"(-0.295166, -0.07836914, 0.7028809)",24.02714,4.521111,85.44443,-1.493437
09:27:59,"(-0.1896973, 0.5175781, 1.0177)",14.11913,4.531147,86.44797,-14.60931
09:28:00,"(-2.39502, -1.927612, 0.8753662)",66.73131,4.531147,86.44797,30.72888
09:28:01,"(-0.09814453, -0.06335449, 0.8007813)",6.987379,4.526129,85.94621,4.490123
09:28:01,"(-0.1105957, 0.06604004, 0.8161621)",7.716976,4.536165,86.94976,-4.584312
09:28:02,"(-0.9833984, -0.1077881, 0.8969727)",47.63158,4.531147,86.44797,4.629775
09:28:03,"(-0.1724854, 0.02685547, 0.5424805)",17.63842,4.536165,86.94976,-3.336008
09:28:04,"(-0.2120361, 0.4742432, 0.9918213)",12.0673,4.536165,86.94976,-8.092882
09:28:05,"(-1.719727, -1.429199, 0.9907227)",60.05405,4.536165,86.94976,28.32335
09:28:06,"(-0.1190186, -0.02819824, 0.8560791)",7.914955,4.531147,86.44797,1.868614
09:28:07,"(-0.1547852, 0.03076172, 0.8677979)",10.11323,4.541183,87.45158,-1.998654
09:28:07,"(-1.101807, -0.3095703, 0.8841553)",51.25436,4.536165,86.94976,12.36011
09:28:08,"(-0.2062988, 0.0333252, 0.661377)",18.38423,4.536165,86.94976,-3.675071
09:28:09,"(-0.2747803, 0.4057617, 0.7469482)",27.96926,4.536165,86.94976,-3.580833
09:28:10,"(-0.2785645, -0.6213379, 1.323364)",8.964992,4.531147,86.44797,18.04915
09:28:11,"(-0.1162109, -0.04956055, 0.9694824)",6.835377,4.541183,87.45158,2.905684
09:28:12,"(-0.2524414, 0.1573486, 1.073853)",13.2289,4.536165,86.94976,-8.117847
09:28:13,"(-0.7802734, -0.05224609, 0.6966553)",48.24041,4.536165,86.94976,2.859409
09:28:13,"(-0.08630371, 0.04528809, 0.2908936)",11.61943,4.536165,86.94976,-13.12052
09:28:14,"(-0.2675781, 0.9016113, 1.383057)",20.07482,4.536165,86.94976,-31.11759
09:28:15,"(-0.6721191, -2.400146, 0.7945557)",78.23273,4.536165,86.94976,31.63473
09:28:16,"(-0.1612549, 0.04663086, 0.8763428)",10.4263,4.536165,86.94976,0.5269824
09:28:17,"(-0.04821777, 0.1601563, 0.7781982)",3.545558,4.541183,87.45158,-10.49704
09:28:18,"(-0.8922119, -0.203125, 1.233887)",32.11734,4.536165,86.94976,7.937492
09:28:19,"(-0.2329102, 0.1497803, 0.8492432)",15.33662,4.536165,86.94976,-9.652966
09:28:19,"(-0.34375, -0.1275635, 0.3830566)",41.90439,4.541183,87.45158,13.92022
09:28:20,"(-0.4116211, -0.02966309, 1.602661)",14.6978,4.541183,87.45158,-6.517148
09:28:21,"(-0.3231201, -0.2186279, 1.640015)",15.56253,4.536165,86.94976,12.18963
09:28:22,"(0.0078125, 0.09533691, 0.3243408)",4.004387,4.536165,86.94976,-16.34235
09:28:23,"(0.06494141, 0.1665039, 0.8813477)",-4.214178,4.536165,86.94976,-8.307182
09:28:24,"(-0.1988525, -0.3587646, 1.452148)",7.797402,4.536165,86.94976,12.66843
09:28:25,"(-0.7175293, 0.09667969, 0.8880615)",41.80946,4.536165,86.94976,3.974744
09:28:25,"(-0.1948242, -0.317627, 0.8446045)",12.98917,4.536165,86.94976,20.12502
09:28:26,"(-0.4794922, -0.5926514, 1.649902)",16.20484,4.536165,86.94976,19.03099
09:28:27,"(0.0690918, 0.05432129, 0.1536865)",-24.20692,4.531147,86.44797,-8.397499
09:28:28,"(-0.7675781, -0.3052979, 2.198364)",17.31978,4.531147,86.44797,9.006462
09:28:29,"(-0.2392578, -0.1915283, 1.013062)",16.04018,4.536165,86.94976,10.29821
09:28:30,"(-0.05761719, -0.00390625, 0.4803467)",6.839902,4.536165,86.94976,0.4626115
09:28:31,"(-0.08569336, 0.1048584, 0.439209)",11.04019,4.531147,86.44797,-10.48482
09:28:32,"(-0.4420166, 0.08874512, 1.436401)",14.6325,4.536165,86.94976,-7.322962
09:28:32,"(-0.08862305, 0.25354, 0.5654297)",11.17001,4.536165,86.94976,-20.34076
09:28:33,"(-0.1239014, 0.329834, 0.4377441)",15.80391,4.531147,86.44797,-35.94225
09:28:34,"(-0.4012451, -0.4671631, 1.299561)",17.1583,4.531147,86.44797,14.08841
09:28:35,"(-0.3586426, -0.3082275, 1.746338)",11.60538,4.521111,85.44443,9.808961
09:28:36,"(0.001953125, 0.04748535, 0.3891602)",-0.2875548,4.531147,86.44797,-6.956758
09:28:37,"(-0.5368652, -0.0826416, 1.372314)",21.36601,4.536165,86.94976,3.209886
09:28:38,"(-0.2310791, -0.08117676, 1.215454)",12.34406,4.536165,86.94976,3.732867
09:28:38,"(-0.2313232, -0.1837158, 0.4116211)",29.33516,4.536165,86.94976,21.26052
09:28:39,"(-0.4112549, 0.1186523, 1.716431)",13.474,4.536165,86.94976,-13.14964
09:28:40,"(-2.594604, -1.181274, 0.2171631)",85.21561,4.536165,86.94976,24.40354
09:28:41,"(-0.1213379, 0.104248, 0.6159668)",11.14388,4.536165,86.94976,-9.428046
09:28:42,"(-0.7873535, 0.08764648, 1.537354)",27.11919,4.536165,86.94976,-2.904895
09:28:43,"(-0.2337646, 0.06665039, 0.8065186)",17.23784,4.536165,86.94976,-3.526565
09:28:44,"(-0.1849365, 0.02624512, 0.2001953)",42.73115,4.536165,86.94976,-5.500461
09:28:44,"(-0.3533936, 0.5926514, 1.733398)",11.52316,4.541183,87.45158,-18.52137
09:28:45,"(-0.4473877, -0.3035889, 1.977661)",13.86003,4.536165,86.94976,18.05046
09:28:46,"(0.111084, -0.3817139, 0.4960938)",-12.09668,4.536165,86.94976,36.95612
09:28:47,"(-0.5396729, -0.04321289, 1.276245)",22.92155,4.531147,86.44797,1.786237
09:28:48,"(-0.4666748, 0.07568359, 0.7849121)",25.96224,4.531147,86.44797,-5.941651
09:28:49,"(-0.1690674, -0.1323242, 0.8684082)",10.51945,4.536165,86.94976,8.520377
09:28:50,"(-0.7034912, -0.3039551, 0.7851563)",41.85998,4.531147,86.44797,16.08351
09:28:51,"(-0.9759521, -0.4204102, 0.883667)",44.62863,4.536165,86.94976,6.183843
09:28:51,"(-0.1030273, 0.06225586, 0.2839355)",19.94354,4.536165,86.94976,-11.64622
09:28:52,"(-0.1237793, 0.4161377, 0.541626)",12.72318,4.536165,86.94976,-30.82934
09:28:53,"(-1.412842, -1.209229, 1.242065)",26.99431,4.531147,86.44797,17.6147
09:28:54,"(-0.1959229, -0.2484131, 1.182251)",9.40955,4.536165,86.94976,11.71107
09:28:55,"(0.02893066, 0.002685547, 0.206665)",-7.2422,4.536165,86.94976,-4.110455
09:28:56,"(-0.2272949, 0.2459717, 0.9265137)",14.61381,4.536165,86.94976,-14.4073
09:28:57,"(-0.8520508, -0.2459717, 1.028687)",39.63461,4.536165,86.94976,10.43396
09:28:57,"(-0.4957275, -0.1091309, 1.459106)",16.98666,4.536165,86.94976,0.9222713
09:28:58,"(-0.293335, -0.1816406, 0.2939453)",44.94045,4.541183,87.45158,23.62474
09:28:59,"(-0.5385742, -0.07568359, 1.572998)",22.47511,4.536165,86.94976,2.488269
09:29:00,"(-0.1202393, 0.07226563, 0.3918457)",17.05882,4.541183,87.45158,-9.999044
09:29:01,"(-0.06164551, 0.4417725, 0.3879395)",9.029091,4.551219,88.45518,-48.35775
09:29:02,"(-0.3450928, -0.3580322, 1.631958)",13.22083,4.536165,86.94976,9.697978
09:29:03,"(-0.3691406, -0.3259277, 1.120728)",18.23064,4.536165,86.94976,33.89482
09:29:04,"(-0.1090088, -0.01000977, 0.4570313)",17.29824,4.541183,87.45158,5.042412
09:29:05,"(-0.1744385, -0.1436768, 1.071411)",9.247295,4.541183,87.45158,7.539714
09:29:06,"(-0.9267578, -0.5053711, 1.033691)",47.06657,4.541183,87.45158,18.41842
09:29:06,"(-0.2607422, -0.04638672, 0.4735107)",28.8397,4.536165,86.94976,3.688501
09:29:07,"(-0.5057373, -0.2574463, 0.6040039)",40.29719,4.541183,87.45158,19.87213
09:29:08,"(-0.4365234, -0.1630859, 1.455688)",16.69263,4.536165,86.94976,-0.5308756
09:29:09,"(-0.2578125, -0.2965088, 1.391968)",13.16995,4.541183,87.45158,17.37939
09:29:10,"(-0.04614258, 0.01647949, 0.4504395)",5.848921,4.536165,86.94976,-2.084354
09:29:11,"(-0.1685791, 0.09753418, 0.9337158)",10.2343,4.536165,86.94976,-5.869168
09:29:12,"(-1.449951, -1.011597, 1.102295)",52.75685,4.541183,87.45158,27.13542
09:29:13,"(-0.09777832, 0.1687012, 0.6202393)",8.958729,4.536165,86.94976,-15.03882
09:29:13,"(-0.1516113, 0.2131348, 0.4064941)",20.45416,4.536165,86.94976,12.16142
09:29:14,"(-0.4541016, 0.4794922, 1.569824)",12.49578,4.541183,87.45158,-16.605
09:29:15,"(-0.3526611, -0.6900635, 1.484619)",22.0126,4.536165,86.94976,43.58654
09:29:16,"(-0.1171875, -0.006591797, 0.7557373)",8.814302,4.541183,87.45158,0.493839
09:29:17,"(-0.1298828, 0.1341553, 0.6835938)",10.75797,4.541183,87.45158,-10.91277
09:29:18,"(-0.3253174, 0.03845215, 0.9799805)",18.36426,4.536165,86.94976,-2.132675
09:29:19,"(-2.097412, -1.506348, 1.467529)",55.02006,4.536165,86.94976,30.47485
09:29:19,"(-0.06530762, 0.03430176, 0.3601074)",10.27921,4.531147,86.44797,-11.85071
09:29:20,"(-0.09777832, 0.3557129, 0.5446777)",10.17711,4.536165,86.94976,-32.73271
09:29:21,"(-0.4727783, -0.3040771, 1.391724)",18.76299,4.536165,86.94976,11.68837
09:29:22,"(-0.2307129, -0.2003174, 1.279419)",10.22208,4.551219,88.45518,12.42263
09:29:23,"(-0.04418945, -0.001586914, 0.4593506)",5.494936,4.536165,86.94976,0.1970288
09:29:24,"(-0.1816406, 0.1229248, 0.8696289)",11.79783,4.536165,86.94976,-3.421393
09:29:25,"(-2.804443, -1.919678, 1.252319)",49.59458,4.541183,87.45158,24.39561
09:29:26,"(-0.1159668, -0.01965332, 0.4046631)",15.99104,4.536165,86.94976,3.370995
09:29:26,"(-0.1627197, 0.5640869, 1.047241)",11.50257,4.541183,87.45158,-26.92254
09:29:27,"(-1.604858, -1.175903, 1.086304)",55.90654,4.536165,86.94976,31.24849
09:29:28,"(-0.2138672, -0.07165527, 0.9450684)",11.59074,4.541183,87.45158,2.371751
09:29:29,"(-0.05151367, -0.01318359, 0.4846191)",6.067598,4.541183,87.45158,1.549566
09:29:30,"(-0.1506348, -0.0970459, 1.46875)",4.025997,4.536165,86.94976,0.3831071
09:29:31,"(-0.3797607, -0.07727051, 1.200562)",17.55317,4.536165,86.94976,3.511559
09:29:32,"(-0.3127441, -0.0904541, 0.4927979)",32.40042,4.526129,85.94621,9.719408
09:29:32,"(-0.3173828, 0.7839355, 1.544434)",11.61268,4.531147,86.44797,-26.43646
09:29:33,"(-2.631348, -2.462769, 0.2773438)",83.98325,4.536165,86.94976,42.94673
09:29:34,"(-0.1376953, -0.1176758, 0.8636475)",7.923151,4.536165,86.94976,8.315685
09:29:35,"(-0.1175537, 0.104126, 0.7562256)",8.835794,4.531147,86.44797,-7.747953
09:29:36,"(-0.4616699, -0.09057617, 0.6326904)",23.73096,4.536165,86.94976,1.583925
09:29:37,"(-0.09899902, 0.03320313, 0.4345703)",13.8088,4.536165,86.94976,0.7189034
09:29:38,"(-0.1850586, 0.5023193, 0.8070068)",17.04084,4.536165,86.94976,-33.09483
09:29:39,"(-1.008301, -0.4801025, 1.485352)",22.22958,4.531147,86.44797,16.65725
09:29:39,"(-0.1341553, -0.1418457, 0.9014893)",8.464362,4.536165,86.94976,8.846096
09:29:40,"(-0.05761719, 0.0949707, 0.6206055)",5.304152,4.536165,86.94976,-8.663736
09:29:41,"(-0.8129883, -0.2902832, 1.130249)",35.72747,4.531147,86.44797,11.77725
09:29:42,"(-0.1376953, -0.01806641, 0.5406494)",14.28861,4.541183,87.45158,4.263161
09:29:43,"(-0.2213135, 0.2219238, 0.5855713)",20.70381,4.526129,85.94621,-19.52003
09:29:44,"(-0.6622314, -0.6981201, 1.285889)",22.542,4.541183,87.45158,11.17368
09:29:45,"(-0.1529541, -0.1812744, 1.254028)",12.41774,4.531147,86.44797,13.36907
09:29:45,"(0.0168457, 0.03759766, 0.5562744)",-2.008533,4.536165,86.94976,-4.435569
09:29:46,"(-0.7263184, -0.2363281, 1.357544)",28.14784,4.531147,86.44797,8.726596
09:29:47,"(-0.2130127, 0.02539063, 0.7144775)",16.6013,4.541183,87.45158,1.515328
09:29:48,"(-0.3144531, -0.2064209, 0.4797363)",33.24367,4.536165,86.94976,19.79194
09:29:49,"(-0.4284668, 0.3266602, 1.667236)",14.41268,4.541183,87.45158,-19.51612
09:29:50,"(-1.481812, -1.231689, 1.196655)",51.07696,4.531147,86.44797,32.88953
09:29:51,"(-0.07580566, -0.05310059, 0.5539551)",7.792208,4.536165,86.94976,6.363413
09:29:51,"(-0.2263184, -0.06689453, 0.9475098)",13.03504,4.531147,86.44797,3.934672
09:29:52,"(-1.837646, -1.217529, 1.431519)",65.52049,4.541183,87.45158,34.65117
09:29:53,"(-0.1550293, -0.015625, 0.3496094)",23.91421,4.536165,86.94976,2.339576
09:29:54,"(-0.3156738, 0.7087402, 1.398682)",12.71821,4.541183,87.45158,-26.30262
09:29:55,"(-2.504272, -1.963867, 0.9006348)",70.21942,4.541183,87.45158,36.42491
09:29:56,"(-0.03747559, -0.002563477, 0.6286621)",3.411459,4.541183,87.45158,0.7699394
09:29:57,"(-0.2952881, 0.2305908, 1.146851)",13.30734,4.546201,87.95336,-7.255671
09:29:58,"(-0.9620361, -0.3609619, 1.017334)",49.38123,4.536165,86.94976,12.91314
09:29:58,"(-0.128418, -0.01550293, 0.3835449)",18.5115,4.536165,86.94976,1.740452
09:29:59,"(-0.2192383, 0.3032227, 0.690918)",35.48668,4.541183,87.45158,2.269539
09:30:00,"(-0.4732666, -0.2141113, 1.480469)",17.41524,4.536165,86.94976,0.3677404
09:30:01,"(-0.255249, -0.15271, 1.077759)",15.88795,4.541183,87.45158,7.760424
09:30:02,"(-0.004272461, 0.06384277, 0.4575195)",0.5350304,4.541183,87.45158,-7.987656
09:30:03,"(-0.3432617, -0.1767578, 1.454468)",13.27911,4.536165,86.94976,6.7455
09:30:04,"(-0.137207, 0.02258301, 0.5860596)",13.17665,4.541183,87.45158,1.417226
09:30:05,"(-0.3365479, -0.2227783, 0.3789063)",41.48771,4.546201,87.95336,23.77027
09:30:05,"(-0.5135498, -0.5991211, 1.557983)",15.42168,4.541183,87.45158,12.16737
09:30:06,"(-0.2644043, -0.2108154, 1.148682)",12.96259,4.541183,87.45158,10.14021
09:30:07,"(-0.02697754, 0.02905273, 0.5704346)",2.797326,4.541183,87.45158,-1.519761
09:30:08,"(-0.5145264, -0.01293945, 1.322266)",21.26225,4.541183,87.45158,-9.224993
09:30:09,"(-0.1489258, -0.005249023, 0.5056152)",17.27495,4.541183,87.45158,7.329062
09:30:10,"(-0.2945557, -0.2432861, 0.4650879)",31.23284,4.536165,86.94976,27.01319
09:30:11,"(-0.3665771, -0.1290283, 1.544067)",13.35534,4.541183,87.45158,4.648154
09:30:11,"(-0.2342529, -0.2862549, 1.075073)",10.27628,4.541183,87.45158,16.46554
09:30:12,"(-0.003540039, 0.05444336, 0.543457)",0.3732152,4.541183,87.45158,-4.57
09:30:13,"(-0.456543, 0.1580811, 1.154053)",12.88701,4.541183,87.45158,-7.605647
09:30:14,"(-0.6538086, -0.2248535, 1.202515)",28.53298,4.541183,87.45158,43.97603
09:30:15,"(-0.2877197, -0.08178711, 0.4851074)",30.6724,4.541183,87.45158,8.250892
09:30:16,"(-0.4022217, -0.102417, 1.513672)",12.2283,4.536165,86.94976,-4.551578
09:30:17,"(-0.3822021, -0.381958, 1.193604)",17.75551,4.541183,87.45158,16.94919
09:30:18,"(0.01794434, 0.05908203, 0.4688721)",-2.191713,4.541183,87.45158,-7.176723
09:30:18,"(-0.3005371, 0.03662109, 1.413208)",12.00584,4.541183,87.45158,-5.510045
09:30:19,"(-0.2480469, -0.1164551, 1.163696)",12.03276,4.541183,87.45158,5.590001
09:30:20,"(-0.5001221, -0.2459717, 0.6568604)",34.67712,4.541183,87.45158,15.82698
09:30:21,"(-0.3508301, 0.5030518, 1.480347)",13.33265,4.536165,86.94976,-18.29705
09:30:22,"(-0.3032227, -0.5488281, 1.481689)",29.89938,4.541183,87.45158,33.75889
09:30:23,"(-0.06311035, 0.008178711, 0.5196533)",5.884706,4.536165,86.94976,0.1469371
09:30:24,"(-0.1108398, -0.0168457, 0.9025879)",7.000999,4.536165,86.94976,1.061261
09:30:24,"(-3.177734, -1.815063, 0.979126)",72.87484,4.546201,87.95336,20.06327
09:30:25,"(-0.1014404, 0.01513672, 0.4212646)",13.53905,4.536165,86.94976,-0.04288539
09:30:26,"(-0.1374512, 0.416626, 0.6811523)",10.51795,4.541183,87.45158,-31.02151
09:30:27,"(-0.4024658, -0.9699707, 1.150269)",8.254558,4.541183,87.45158,25.52919
09:30:28,"(-0.7070313, -0.3808594, 1.092529)",32.90895,4.546201,87.95336,16.31289
09:30:29,"(-0.2406006, 0.06591797, 1.018677)",10.8508,4.541183,87.45158,-4.577627
09:30:30,"(-1.331055, -0.6790771, 0.8997803)",52.40729,4.541183,87.45158,9.24611
09:30:31,"(-0.09179688, 0.2702637, 0.5458984)",9.545407,4.541183,87.45158,-26.02283
09:30:31,"(-0.7359619, -0.3465576, 1.386719)",27.95587,4.541183,87.45158,8.452975
09:30:32,"(-0.6573486, -0.3128662, 1.39856)",25.17438,4.541183,87.45158,11.44528
09:30:33,"(-0.2745361, -0.3491211, 1.346069)",11.5276,4.536165,86.94976,14.25883
09:30:34,"(-0.05895996, -0.03015137, 0.5024414)",5.958089,4.541183,87.45158,5.026383
09:30:35,"(-0.1640625, 0.1984863, 1.08252)",8.617945,4.541183,87.45158,-12.69392
09:30:36,"(-1.151001, -1.536377, 1.23584)",67.72046,4.536165,86.94976,25.23559
09:30:37,"(-0.260498, -0.1065674, 0.5500488)",25.3418,4.531147,86.44797,9.931694
09:30:38,"(-0.09570313, 0.3304443, 1.415161)",3.868852,4.536165,86.94976,-13.11432
09:30:38,"(-0.6540527, -0.7226563, 1.296753)",26.76534,4.541183,87.45158,35.61417
09:30:39,"(0.01757813, 0.02624512, 0.3881836)",-0.9568913,4.541183,87.45158,-2.595379
09:30:40,"(-0.2077637, 0.2233887, 1.047607)",11.21746,4.536165,86.94976,-8.415876
09:30:41,"(-1.293457, -0.04382324, 1.193237)",51.86433,4.541183,87.45158,21.54769
09:30:42,"(-0.274292, -0.06604004, 0.5609131)",26.05908,4.531147,86.44797,6.037598
09:30:43,"(-0.3474121, 0.03833008, 1.481567)",13.19683,4.541183,87.45158,-1.442865
09:30:44,"(-0.4611816, -0.4976807, 1.571777)",16.35243,4.531147,86.44797,30.94013
09:30:45,"(-0.004516602, 0.107666, 0.4455566)",-0.7103886,4.541183,87.45158,-9.138761
09:30:45,"(-0.3865967, 0.0333252, 0.739624)",27.59578,4.546201,87.95336,-8.851448
09:30:46,"(-1.111328, -0.5024414, 1.05896)",46.38225,4.536165,86.94976,18.12369
09:30:47,"(-0.3560791, -0.1800537, 0.6624756)",25.11833,4.541183,87.45158,7.284736
09:30:48,"(-0.2531738, -0.1762695, 1.348267)",10.635,4.546201,87.95336,7.321939
09:30:49,"(-0.3905029, -0.3902588, 1.326416)",16.40467,4.541183,87.45158,20.77712
09:30:50,"(0.001708984, 0.06726074, 0.458252)",-0.2136753,4.541183,87.45158,-8.35001
09:30:51,"(-0.6408691, -0.1036377, 1.517578)",15.75362,4.541183,87.45158,2.170703
09:30:51,"(-0.3112793, -0.04431152, 1.02124)",16.95149,4.536165,86.94976,2.37668
09:30:52,"(-0.2573242, -0.3084717, 0.4370117)",30.49072,4.536165,86.94976,31.31017
09:30:53,"(-0.3483887, -0.404541, 1.363525)",14.33276,4.531147,86.44797,16.55374
09:30:54,"(-0.7210693, -0.6126709, 1.331909)",66.19957,4.541183,87.45158,33.30811
09:30:55,"(0.04296875, 0.08239746, 0.4621582)",-5.311754,4.546201,87.95336,-9.310586
09:30:56,"(-0.1878662, 0.3057861, 1.18103)",9.038301,4.541183,87.45158,-14.3432
09:30:57,"(-2.276611, -0.9790039, 1.422974)",57.99295,4.541183,87.45158,20.03466
09:30:58,"(-0.2207031, -0.03405762, 0.5657959)",21.30954,4.541183,87.45158,3.209713
09:30:58,"(-0.3850098, 0.01965332, 1.450317)",14.86716,4.536165,86.94976,-13.95227
09:30:59,"(-0.3848877, -0.5650635, 1.498413)",14.8166,4.541183,87.45158,20.03028
09:31:00,"(0.03588867, 0.0255127, 0.321167)",-6.550503,4.536165,86.94976,-2.678377
09:31:01,"(-0.4620361, -0.05700684, 0.7407227)",31.95443,4.541183,87.45158,3.736061
09:31:02,"(-0.2355957, -0.07897949, 0.7497559)",17.44428,4.541183,87.45158,6.360261
09:31:03,"(-0.4605713, -0.1844482, 0.6218262)",36.52643,4.541183,87.45158,14.51997
09:31:04,"(-0.2642822, -0.9816895, 1.461182)",6.715641,4.536165,86.94976,25.80846
09:31:04,"(-0.100708, -0.0567627, 1.066162)",4.767956,4.541183,87.45158,7.508029
09:31:05,"(-0.1230469, 0.1755371, 0.7116699)",9.809391,4.536165,86.94976,-13.66081
09:31:06,"(-0.8647461, -0.314209, 0.8049316)",47.05168,4.546201,87.95336,5.937229
09:31:07,"(-0.1647949, -0.05578613, 0.3099365)",27.99982,4.541183,87.45158,9.030149
09:31:08,"(-0.2502441, 0.4732666, 1.270752)",14.56823,4.546201,87.95336,-14.07941
09:31:09,"(-2.704346, -1.040161, 0.7670898)",62.59408,4.541183,87.45158,31.97025
09:31:10,"(-0.06726074, -0.05895996, 0.6878662)",8.406678,4.546201,87.95336,6.599211
09:31:11,"(-0.1872559, 0.04016113, 0.9780273)",10.83884,4.546201,87.95336,-2.309535
09:31:11,"(-2.599609, -1.514038, 1.135986)",66.39547,4.541183,87.45158,27.82919
09:31:12,"(-0.1383057, 0.08203125, 0.569458)",13.65125,4.541183,87.45158,-7.627577
09:31:13,"(-0.3214111, 0.402832, 1.506104)",9.196031,4.546201,87.95336,-24.61788
09:31:14,"(-0.3248291, -0.8834229, 1.622803)",11.31905,4.536165,86.94976,28.09296
09:31:15,"(-0.1071777, -0.01269531, 0.8098145)",7.539195,4.541183,87.45158,0.890379
09:31:16,"(-0.1247559, 0.1971436, 0.939209)",10.04423,4.541183,87.45158,-10.78242
09:31:17,"(-1.324585, -0.5115967, 1.039307)",51.88127,4.521111,85.44443,16.902
09:31:18,"(-0.1452637, 0.04504395, 0.5211182)",15.57601,4.546201,87.95336,-4.759623
09:31:18,"(-0.4708252, 0.4072266, 1.113403)",24.16563,4.541183,87.45158,-11.52199
09:31:19,"(-2.175903, -1.881226, 0.3931885)",79.75711,4.541183,87.45158,40.39091
09:31:20,"(-0.005249023, 0.07531738, 0.5294189)",-1.650908,4.521111,85.44443,-8.093492
09:31:21,"(-0.6278076, -0.2155762, 1.57959)",21.67534,4.541183,87.45158,7.228008
09:31:22,"(-0.1422119, 0.1373291, 0.6259766)",14.32797,4.541183,87.45158,-7.843519
09:31:23,"(-0.5848389, -0.04333496, 0.9610596)",33.43603,4.541183,87.45158,4.028549
09:31:24,"(-0.3299561, -0.5167236, 1.156494)",15.92383,4.536165,86.94976,23.2511
09:31:24,"(-0.1749268, -0.1428223, 0.7547607)",13.04875,4.541183,87.45158,10.44478
09:31:25,"(-0.0291748, 0.1019287, 0.8891602)",1.879294,4.541183,87.45158,-10.54073
09:31:26,"(-0.9562988, -0.574585, 0.9268799)",45.60843,4.541183,87.45158,23.4447
09:31:27,"(-0.1877441, 0.01599121, 0.4072266)",18.33613,4.541183,87.45158,-9.015347
09:31:28,"(-0.6308594, 0.1628418, 0.9918213)",32.45887,4.536165,86.94976,2.449186
09:31:29,"(-2.028442, -1.592529, 1.002441)",54.72924,4.541183,87.45158,31.00648
09:31:30,"(-0.107666, -0.04125977, 0.7277832)",11.42941,4.541183,87.45158,5.667553
09:31:31,"(-0.2746582, 0.2703857, 0.7977295)",18.99858,4.551219,88.45518,-17.76965
09:31:31,"(-0.1590576, 0.3320313, 0.8347168)",12.31523,4.546201,87.95336,-17.91833
09:31:32,"(-0.361084, 0.08337402, 1.00293)",19.80036,4.541183,87.45158,-8.347073
09:31:33,"(-1.435181, -1.447144, 0.7000732)",63.99713,4.546201,87.95336,42.18488
09:31:34,"(-0.0657959, 0.01599121, 0.630127)",5.961045,4.536165,86.94976,1.410378
09:31:35,"(-0.2817383, 0.008056641, 1.39563)",11.41302,4.541183,87.45158,-2.493026
09:31:36,"(-0.192627, -0.03417969, 0.8364258)",15.17938,4.541183,87.45158,2.258476
09:31:37,"(-0.3878174, 0.30896, 1.454224)",14.93231,4.541183,87.45158,-11.60066
09:31:38,"(-1.032104, -0.4073486, 1.202148)",40.64774,4.546201,87.95336,14.41824
09:31:38,"(-0.1223145, -0.2380371, 0.4416504)",13.24508,4.536165,86.94976,17.16908
09:31:39,"(-0.3929443, 0.03344727, 0.5252686)",36.79953,4.541183,87.45158,-8.750346
09:31:40,"(-2.330688, -1.371338, 1.380005)",59.37015,4.536165,86.94976,29.68036
09:31:41,"(-0.3225098, -0.05407715, 0.5457764)",21.39638,4.541183,87.45158,-4.534536
09:31:42,"(-0.2718506, 0.1115723, 1.267944)",12.10116,4.536165,86.94976,-5.296686
09:31:43,"(-0.1380615, -0.1894531, 1.099731)",7.155541,4.546201,87.95336,9.699851
09:31:44,"(-0.1402588, 0.1730957, 0.9526367)",5.866389,4.541183,87.45158,-12.86546
09:31:44,"(-0.7810059, -0.8162842, 0.8337402)",30.86263,4.536165,86.94976,28.47995
09:31:45,"(-0.08557129, 0.1499023, 0.4189453)",11.54411,4.541183,87.45158,-19.31917
09:31:46,"(-0.4165039, 0.2819824, 0.9110107)",32.64425,4.541183,87.45158,-3.518752
09:31:47,"(-1.348267, -0.6968994, 1.206665)",42.82519,4.546201,87.95336,12.87818
09:31:48,"(-0.1732178, -0.007080078, 0.802002)",12.18763,4.541183,87.45158,0.4943951
09:31:49,"(-0.2130127, 0.05224609, 0.9780273)",12.18089,4.551219,88.45518,-4.332278
09:31:50,"(-0.7958984, -0.5496826, 1.263428)",32.20894,4.541183,87.45158,28.83822
09:31:51,"(-0.157959, -0.04589844, 0.5046387)",17.38085,4.541183,87.45158,4.960849
09:31:51,"(-0.3050537, 0.3168945, 1.202637)",17.38878,4.546201,87.95336,-15.65041
09:31:52,"(-1.669312, -1.298218, 1.000854)",59.21503,4.536165,86.94976,30.61379
09:31:53,"(-0.1646729, 0.02587891, 0.7087402)",13.08035,4.541183,87.45158,-2.036954
09:31:54,"(-0.161499, 0.06982422, 0.9914551)",12.58526,4.536165,86.94976,0.2503432
09:31:55,"(-0.09094238, -0.1196289, 0.876709)",5.086399,4.541183,87.45158,10.59322
09:31:56,"(-0.3791504, -0.02368164, 0.4318848)",41.27981,4.546201,87.95336,2.359652
09:31:57,"(-0.7456055, -0.210083, 1.081787)",34.57597,4.541183,87.45158,-3.907036
09:31:58,"(-0.3417969, -0.2938232, 1.181519)",16.13442,4.546201,87.95336,12.68175
09:31:58,"(-0.03833008, 0.01928711, 0.5999756)",3.655434,4.546201,87.95336,-1.83748
09:31:59,"(-0.8266602, -0.5183105, 1.463989)",29.45179,4.546201,87.95336,12.30401
09:32:00,"(-0.1556396, 0.007202148, 0.6856689)",12.78883,4.541183,87.45158,-1.39241
09:32:01,"(-0.1746826, 0.3232422, 1.089844)",7.881977,4.546201,87.95336,-23.22126
09:32:02,"(-2.174438, -1.317139, 1.05249)",50.53676,4.551219,88.45518,27.88381
09:32:03,"(-0.06298828, 0.1134033, 0.6806641)",5.287062,4.541183,87.45158,-2.48917
09:32:04,"(-1.075806, -1.057983, 0.7418213)",50.82527,4.541183,87.45158,31.48386
09:32:05,"(-0.2434082, 0.06018066, 0.670166)",19.96132,4.546201,87.95336,-4.277783
09:32:05,"(-0.1365967, -0.185791, 1.225952)",6.357723,4.536165,86.94976,8.565297
09:32:06,"(-0.1298828, -0.09204102, 0.8148193)",7.796421,4.546201,87.95336,9.756707
09:32:07,"(-0.6907959, -0.8154297, 0.8363037)",38.74591,4.536165,86.94976,28.95146
09:32:08,"(-0.6483154, 0.04516602, 1.004517)",32.83821,4.546201,87.95336,-2.163496
09:32:09,"(-0.3494873, -0.118042, 0.9257813)",21.00839,4.546201,87.95336,8.829929
09:32:10,"(-0.3984375, 0.09936523, 0.8931885)",24.37362,4.541183,87.45158,5.283875
09:32:11,"(-0.2587891, -0.3012695, 0.984375)",14.72957,4.546201,87.95336,16.23981
09:32:12,"(-0.3699951, -0.06201172, 0.9782715)",13.44597,4.541183,87.45158,3.527908
09:32:12,"(-0.166626, -0.1226807, 0.9176025)",19.07961,4.546201,87.95336,7.201295
09:32:13,"(-0.2232666, -0.2694092, 0.9295654)",13.50569,4.541183,87.45158,14.60295
09:32:14,"(-0.699707, -0.2341309, 0.7993164)",41.19831,4.546201,87.95336,12.42919
09:32:15,"(-0.3338623, -0.06335449, 1.053101)",17.59007,4.541183,87.45158,3.28215
09:32:16,"(-0.7093506, -0.1612549, 0.7427979)",42.17953,4.546201,87.95336,3.861865
09:32:17,"(-1.322144, -0.9401855, 1.004517)",52.77375,4.541183,87.45158,21.75188
09:32:18,"(-0.6665039, 0.2084961, 1.006592)",33.51011,4.541183,87.45158,-3.130474
09:32:18,"(-0.4460449, -0.09753418, 0.958374)",24.95814,4.546201,87.95336,5.271571
09:32:19,"(-0.7835693, -0.3483887, 0.7900391)",38.26527,4.541183,87.45158,9.839105
09:32:20,"(-0.5775146, -0.321167, 0.9141846)",34.51807,4.541183,87.45158,20.79315
09:32:21,"(-0.7797852, -0.5424805, 0.8039551)",44.12566,4.541183,87.45158,25.8435
09:32:22,"(-0.3243408, 0.08483887, 0.7393799)",23.68543,4.546201,87.95336,-5.925926
09:32:23,"(-0.1633301, 0.1068115, 0.6962891)",13.20132,4.546201,87.95336,-8.494186
09:32:24,"(-0.1514893, -0.1640625, 1.134399)",7.606354,4.541183,87.45158,16.05759
09:32:25,"(-0.1557617, -0.1085205, 0.8826904)",10.00753,4.561255,89.45872,11.79343
09:32:25,"(-1.040405, -0.923584, 0.7833252)",53.02376,4.556237,88.95696,35.34361
09:32:26,"(-0.8825684, 0.06640625, 1.052368)",40.33592,4.541183,87.45158,3.963594
09:32:27,"(-0.7453613, -0.3088379, 0.75)",52.09641,4.541183,87.45158,13.51264
09:32:28,"(-1.086914, 0.1722412, 0.9372559)",49.2285,4.546201,87.95336,-5.097055
09:32:29,"(-0.5073242, -0.1627197, 0.7061768)",35.69383,4.546201,87.95336,10.5996
09:32:30,"(-0.7961426, -0.1191406, 0.9699707)",39.37882,4.546201,87.95336,5.423574
09:32:31,"(-0.729126, 0.06494141, 0.7473145)",33.46703,4.546201,87.95336,-4.146234
09:32:32,"(-0.5198975, 0.05932617, 0.8323975)",31.98801,4.546201,87.95336,-5.857248
09:32:32,"(-0.3345947, -0.1671143, 0.909668)",20.19457,4.546201,87.95336,7.159486
09:32:33,"(-0.5623779, -0.2540283, 0.8806152)",32.56309,4.546201,87.95336,13.66462
09:32:34,"(-0.4395752, -0.1905518, 0.8922119)",26.22856,4.546201,87.95336,10.84545
09:32:35,"(-0.4412842, -0.1973877, 0.8876953)",26.43253,4.541183,87.45158,11.26112
09:32:36,"(-0.4455566, -0.175293, 0.895874)",26.18709,4.536165,86.94976,10.07295
09:32:37,"(-0.4295654, -0.2045898, 0.8917236)",25.72127,4.541183,87.45158,11.6785
09:32:38,"(-0.4481201, -0.1767578, 0.8919678)",26.67472,4.546201,87.95336,10.02547
09:32:39,"(-0.4459229, -0.208374, 0.8857422)",26.72276,4.541183,87.45158,11.86674
09:32:39,"(-0.4733887, -0.1939697, 0.8896484)",28.25102,4.546201,87.95336,11.04238
09:32:40,"(-0.439209, -0.184082, 0.8907471)",26.16903,4.541183,87.45158,10.41243
09:32:41,"(-0.4477539, -0.1761475, 0.8927002)",26.63708,4.546201,87.95336,10.10137
09:32:42,"(-0.4468994, -0.1844482, 0.8907471)",26.64352,4.546201,87.95336,10.3379
09:32:43,"(-0.446167, -0.1890869, 0.8925781)",26.55878,4.546201,87.95336,10.72971
09:32:44,"(-0.4545898, -0.1990967, 0.885376)",26.89305,4.546201,87.95336,11.27648
09:32:45,"(-0.425293, -0.1982422, 0.8927002)",25.35864,4.546201,87.95336,11.34018
09:32:46,"(-0.4084473, -0.1779785, 0.9105225)",24.16032,4.541183,87.45158,10.39199
09:32:46,"(-0.4057617, -0.1881104, 0.9112549)",24.00235,4.551219,88.45518,10.67941
09:32:47,"(-0.4077148, -0.1826172, 0.9040527)",24.27469,4.551219,88.45518,10.43349
09:32:48,"(-0.4012451, -0.18396, 0.9147949)",23.86239,4.546201,87.95336,10.29197
09:32:49,"(-0.4162598, -0.1861572, 0.9036865)",24.73193,4.546201,87.95336,10.65614
09:32:50,"(-0.4610596, -0.09008789, 0.9112549)",27.09026,4.546201,87.95336,5.066661
09:32:51,"(-0.352417, -0.1733398, 0.9394531)",20.56257,4.541183,87.45158,9.80145
09:32:52,"(-0.3997803, -0.004760742, 0.9343262)",23.2979,4.546201,87.95336,0.2681367
09:32:53,"(-0.4837646, -0.0892334, 0.8562012)",29.467,4.546201,87.95336,5.184713
09:32:53,"(-0.4995117, -0.1634521, 0.8820801)",26.22952,4.541183,87.45158,8.667911
09:32:54,"(-0.4467773, -0.1558838, 0.9257813)",25.76172,4.546201,87.95336,8.738397
09:32:55,"(-0.4504395, -0.1832275, 0.8791504)",27.26491,4.551219,88.45518,10.45324
09:32:56,"(-0.4534912, -0.1877441, 0.8841553)",27.15369,4.541183,87.45158,10.69932
09:32:57,"(-0.465332, -0.1903076, 0.8721924)",28.08081,4.546201,87.95336,10.89669
09:32:58,"(-0.4661865, -0.1846924, 0.8789063)",27.94222,4.546201,87.95336,10.51673
09:32:59,"(-0.4543457, -0.1971436, 0.8890381)",27.06944,4.536165,86.94976,11.16981
09:33:00,"(-0.4672852, -0.2177734, 0.8887939)",27.73324,4.546201,87.95336,12.23648
09:33:00,"(-0.4462891, -0.1861572, 0.9033203)",26.24231,4.546201,87.95336,10.53789
09:33:01,"(-0.4230957, -0.1832275, 0.8947754)",25.30719,4.546201,87.95336,9.94778
09:33:02,"(-0.3531494, 0.0390625, 0.9569092)",20.25669,4.546201,87.95336,-1.813338
09:33:03,"(-0.2589111, 0.1746826, 1.05835)",13.74666,4.531147,86.44797,-9.108384
09:33:04,"(-0.4296875, 0.3491211, 0.8759766)",26.12906,4.551219,88.45518,-19.68825
09:33:05,"(-0.3354492, 0.3527832, 0.9301758)",19.83082,4.536165,86.94976,-19.63508
09:33:06,"(-0.4407959, 0.1680908, 0.8798828)",27.80089,4.546201,87.95336,-8.663374
09:33:07,"(-0.4952393, 0.1865234, 0.8375244)",30.59639,4.546201,87.95336,-8.062585
09:33:07,"(-0.461792, -0.269165, 0.8378906)",28.94922,4.541183,87.45158,14.91777
09:33:08,"(-0.5029297, -0.177002, 0.8431396)",30.81592,4.546201,87.95336,9.425394
09:33:09,"(-0.5355225, -0.1400146, 0.8250732)",32.98601,4.536165,86.94976,8.101325
09:33:10,"(-0.5540771, -0.1166992, 0.8371582)",33.49877,4.546201,87.95336,6.498271
09:33:11,"(-0.5563965, -0.12854, 0.8369141)",33.61672,4.546201,87.95336,7.28867
09:33:12,"(-0.5454102, -0.1218262, 0.831543)",33.44473,4.541183,87.45158,7.192937
09:33:13,"(-0.6300049, -0.05407715, 0.8005371)",38.20196,4.536165,86.94976,3.03864
09:33:14,"(-0.5683594, 0.2098389, 0.7974854)",34.49513,4.546201,87.95336,-12.83545
09:33:14,"(-0.5245361, 0.2509766, 0.8270264)",32.38465,4.541183,87.45158,-14.2859
09:33:15,"(-0.6085205, 0.2092285, 0.8149414)",36.74886,4.541183,87.45158,-12.7265
09:33:16,"(-0.8908691, 0.4976807, 0.7636719)",49.39612,4.556237,88.95696,-22.98371
09:33:17,"(-0.552002, -0.3812256, 0.8981934)",31.43991,4.546201,87.95336,21.11817
09:33:18,"(-0.756958, 0.1806641, 0.7374268)",45.7488,4.546201,87.95336,-9.701336
09:33:19,"(-0.6257324, 0.2619629, 0.7407227)",40.18976,4.546201,87.95336,-15.11832
09:33:20,"(-0.6324463, 0.2886963, 0.7398682)",40.54597,4.546201,87.95336,-16.51544
09:33:21,"(-0.6164551, 0.3132324, 0.737793)",39.74984,4.541183,87.45158,-18.40883
09:33:21,"(-0.6165771, 0.2747803, 0.7536621)",39.28688,4.546201,87.95336,-15.63453
09:33:22,"(-0.5756836, -0.0189209, 0.7844238)",36.2747,4.551219,88.45518,1.567061
09:33:23,"(-0.520752, -0.1464844, 0.8065186)",32.84947,4.551219,88.45518,8.675468
09:33:24,"(-0.5714111, 0.07458496, 0.9207764)",33.78536,4.541183,87.45158,-5.70507
09:33:25,"(-0.4370117, -0.01733398, 0.946167)",24.79108,4.546201,87.95336,0.9528485
09:33:26,"(-0.3138428, -0.4390869, 0.9995117)",19.6192,4.541183,87.45158,26.18511
09:33:27,"(-0.4868164, -0.04943848, 0.8371582)",30.17846,4.536165,86.94976,3.05797
09:33:28,"(-0.3153076, -0.15271, 1.02771)",17.05633,4.541183,87.45158,8.611835
09:33:28,"(-0.4863281, -0.2845459, 0.7010498)",34.74959,4.546201,87.95336,18.44335
09:33:29,"(-0.5987549, -0.2114258, 0.9034424)",33.74898,4.541183,87.45158,9.765806
09:33:30,"(-0.6008301, -0.05578613, 0.7971191)",37.00723,4.546201,87.95336,3.198758
09:33:31,"(-0.489624, -0.1123047, 0.855835)",29.41508,4.541183,87.45158,5.683846
09:33:32,"(-0.3638916, -0.1811523, 0.9344482)",21.27687,4.546201,87.95336,10.23984
09:33:33,"(-0.3798828, -0.1333008, 0.9470215)",21.85741,4.546201,87.95336,4.596658
09:33:34,"(-0.4147949, -0.07910156, 0.9383545)",23.84758,4.531147,86.44797,4.408847
09:33:35,"(-0.4841309, -0.1553955, 0.7987061)",31.22189,4.546201,87.95336,9.44636
09:33:35,"(-0.5540771, 0.05627441, 0.8314209)",33.68036,4.536165,86.94976,-3.223686
09:33:37,"(-0.5874023, -0.03088379, 0.7866211)",36.75021,4.546201,87.95336,-0.4382149
09:33:37,"(-0.6101074, 0.02587891, 0.904541)",35.75287,4.546201,87.95336,-1.07918
09:33:38,"(-0.5505371, -0.06896973, 0.8118896)",33.12665,4.546201,87.95336,5.037473
09:33:39,"(-0.6173096, -0.008544922, 0.8481445)",35.20284,4.541183,87.45158,0.7820949
09:33:40,"(-0.7091064, -0.2806396, 0.9272461)",35.25744,4.541183,87.45158,11.07123
09:33:41,"(-0.3299561, -0.4154053, 0.9068604)",19.99363,4.541183,87.45158,22.19197
09:33:42,"(-0.4095459, -0.4211426, 0.762207)",28.24984,4.546201,87.95336,25.9531
09:33:43,"(-0.6350098, -0.3171387, 0.8548584)",36.60587,4.536165,86.94976,13.99893
09:33:44,"(-0.5003662, -0.1589355, 0.866333)",30.00935,4.536165,86.94976,10.05189
09:33:45,"(-0.5686035, -0.1873779, 0.8494873)",33.79633,4.546201,87.95336,10.38726
09:33:46,"(-0.8330078, -0.3972168, 0.7614746)",47.56874,4.536165,86.94976,19.93298
09:33:46,"(-0.4460449, -0.161377, 0.9785156)",24.50532,4.536165,86.94976,5.322724
09:33:47,"(-0.494751, 0.213501, 0.810791)",31.39187,4.531147,86.44797,-14.08444
09:33:48,"(-0.319458, -0.1245117, 0.9555664)",20.10277,4.536165,86.94976,7.829441
09:33:49,"(-0.4172363, -0.1815186, 0.9101563)",24.6278,4.541183,87.45158,10.68784
09:33:50,"(-0.3886719, -0.1966553, 0.899292)",23.37389,4.536165,86.94976,10.8318
09:33:51,"(-0.3978271, -0.1911621, 0.911499)",23.45009,4.536165,86.94976,10.83815
09:33:52,"(-0.3909912, -0.1877441, 0.918457)",23.06516,4.536165,86.94976,10.7588
09:33:53,"(-0.394165, -0.1879883, 0.9158936)",23.28517,4.536165,86.94976,10.63118
09:33:54,"(-0.4276123, -0.1741943, 0.90625)",25.23655,4.536165,86.94976,9.645575
09:33:54,"(-0.3706055, -0.2845459, 0.84021)",23.34445,4.536165,86.94976,17.33139
09:33:55,"(-0.7672119, -0.1298828, 0.753418)",45.23341,4.536165,86.94976,6.71648
09:33:56,"(-0.4246826, -0.2218018, 0.8546143)",27.93937,4.521111,85.44443,13.17454
09:33:57,"(-0.3741455, -0.2415771, 0.9187012)",23.06715,4.536165,86.94976,14.43938
09:33:58,"(-0.3640137, -0.2955322, 0.8774414)",22.53151,4.521111,85.44443,17.28103
09:33:59,"(-0.4138184, -0.3043213, 0.8725586)",24.81427,4.536165,86.94976,16.89578
09:34:00,"(-0.3248291, -0.3361816, 0.9197998)",19.27418,4.536165,86.94976,19.28695
09:34:01,"(-0.3546143, -0.269165, 0.8673096)",22.38297,4.536165,86.94976,16.38972
09:34:01,"(-0.5733643, -0.07067871, 0.8061523)",35.81065,4.541183,87.45158,3.727166
09:34:02,"(-0.6699219, -0.1816406, 0.8782959)",37.33464,4.536165,86.94976,8.546699
09:34:03,"(-0.4610596, -0.004882813, 0.8753662)",27.77599,4.536165,86.94976,3.009239
09:34:04,"(-0.4749756, -0.1610107, 0.8538818)",29.08519,4.541183,87.45158,9.098603
09:34:05,"(-0.3701172, -0.2641602, 0.8831787)",22.73729,4.536165,86.94976,15.42191
09:34:06,"(-0.2969971, -0.255127, 0.9025879)",18.21382,4.541183,87.45158,15.02941
09:34:07,"(-0.4121094, -0.263916, 0.8356934)",26.2495,4.541183,87.45158,15.81414
09:34:08,"(-0.05041504, -0.173584, 0.692627)",10.55403,4.526129,85.94621,16.5438
09:34:08,"(-0.2331543, -0.543335, 0.9906006)",13.24445,4.536165,86.94976,28.09782
